fips,region,urbanisation,pct_aian_alone,pct_api_alone,pct_black_alone,pct_white_alone,pct_multiple_response,census2000_population
01001,south,medium_small_metro,0.45,0.5,17.17,81.07,0.8,43671
01003,south,nonmetro,0.59,0.42,10.34,87.82,0.83,140415
01005,south,nonmetro,0.45,0.34,46.37,52.24,0.59,29038
01007,south,large_fringe,0.24,0.09,22.2,77.03,0.44,20826
01009,south,large_fringe,0.53,0.19,1.2,97.33,0.75,51024
01011,south,nonmetro,0.38,0.2,73.22,25.62,0.59,11714
01013,south,nonmetro,0.21,0.18,40.83,58.44,0.34,21399
01015,south,medium_small_metro,0.4,0.67,18.61,79.52,0.8,112249
01017,south,nonmetro,0.14,0.19,38.15,61.03,0.49,36583
01019,south,nonmetro,0.31,0.15,5.55,93.25,0.73,23988
01021,south,large_fringe,0.28,0.22,10.62,88.32,0.55,39593
01023,south,nonmetro,0.16,0.04,44.22,55.19,0.38,15922
01025,south,nonmetro,0.22,0.17,43.13,56.06,0.42,27867
01027,south,nonmetro,0.32,0.12,15.71,83.16,0.7,14254
01029,south,nonmetro,0.3,0.16,3.71,95.17,0.65,14123
01031,south,nonmetro,0.92,1.11,18.5,78.09,1.38,43615
01033,south,medium_small_metro,0.37,0.27,16.68,81.9,0.78,54984
01035,south,nonmetro,0.23,0.16,43.57,55.48,0.57,14089
01037,south,nonmetro,0.32,0.06,34.29,64.73,0.61,12202
01039,south,nonmetro,0.49,0.19,12.36,86.41,0.54,37631
01041,south,nonmetro,0.41,0.12,24.83,74.03,0.61,13665
01043,south,nonmetro,0.43,0.22,0.96,97.59,0.79,77483
01045,south,nonmetro,0.61,1.32,20.56,75.8,1.7,49129
01047,south,nonmetro,0.12,0.36,63.32,35.78,0.41,46365
01049,south,nonmetro,0.86,0.26,1.7,95.99,1.19,64452
01051,south,medium_small_metro,0.44,0.4,20.69,77.54,0.92,65874
01053,south,nonmetro,3.03,0.28,30.86,64.86,0.97,38440
01055,south,medium_small_metro,0.34,0.49,14.76,83.67,0.75,103459
01057,south,nonmetro,0.21,0.17,11.97,87.26,0.39,18495
01059,south,nonmetro,0.33,0.29,4.3,94.45,0.62,31223
01061,south,medium_small_metro,0.76,0.16,10.7,87.77,0.61,25764
01063,south,medium_small_metro,0.12,0.1,80.44,19.13,0.21,9974
01065,south,medium_small_metro,0.17,0.18,58.98,40.2,0.46,17185
01067,south,medium_small_metro,0.21,0.09,32.4,66.68,0.63,16310
01069,south,medium_small_metro,0.38,0.66,24.68,73.54,0.74,88787
01071,south,nonmetro,1.77,0.27,3.76,92.34,1.87,53926
01073,south,large_central,0.22,0.96,39.45,58.76,0.6,662047
01075,south,nonmetro,0.14,0.07,12.0,87.36,0.43,15904
01077,south,medium_small_metro,0.26,0.38,9.87,88.84,0.65,87966
01079,south,medium_small_metro,5.38,0.11,13.38,78.13,3.01,34803
01081,south,medium_small_metro,0.25,1.69,22.72,74.59,0.75,115092
01083,south,medium_small_metro,0.49,0.39,13.36,84.99,0.76,65676
01085,south,medium_small_metro,0.11,0.14,73.4,25.96,0.39,13473
01087,south,nonmetro,0.16,0.42,84.77,14.02,0.63,24105
01089,south,medium_small_metro,0.78,1.97,22.92,72.75,1.57,276700
01091,south,nonmetro,0.08,0.2,51.73,47.56,0.43,22539
01093,south,nonmetro,0.31,0.24,3.64,95.23,0.58,31214
01095,south,nonmetro,0.55,0.33,1.48,96.8,0.83,82231
01097,south,medium_small_metro,0.68,1.47,33.47,63.57,0.81,399843
01099,south,nonmetro,1.0,0.31,40.11,57.92,0.66,24324
01101,south,medium_small_metro,0.26,1.05,48.7,49.23,0.75,223510
01103,south,medium_small_metro,0.72,0.55,11.3,86.45,0.98,111064
01105,south,nonmetro,0.08,0.06,68.4,30.96,0.5,11861
01107,south,nonmetro,0.12,0.14,43.0,56.16,0.58,20949
01109,south,nonmetro,0.66,0.4,36.67,61.12,1.16,29605
01111,south,nonmetro,0.2,0.24,22.28,76.78,0.5,22380
01113,south,medium_small_metro,0.37,0.49,40.99,57.31,0.84,49756
01115,south,large_fringe,0.38,0.21,8.14,90.51,0.77,64742
01117,south,large_fringe,0.34,1.08,7.42,90.6,0.57,143293
01119,south,nonmetro,0.09,0.11,73.21,26.13,0.45,14798
01121,south,nonmetro,0.23,0.24,31.6,67.34,0.59,80321
01123,south,nonmetro,0.27,0.22,25.42,73.65,0.44,41475
01125,south,medium_small_metro,0.23,0.98,29.36,68.78,0.65,164875
01127,south,large_fringe,0.29,0.23,6.18,92.74,0.56,70713
01129,south,nonmetro,7.16,0.1,26.89,65.03,0.82,18097
01131,south,nonmetro,0.14,0.14,71.92,27.61,0.18,13183
01133,south,nonmetro,0.47,0.17,0.39,98.31,0.66,24843
02013,west,nonmetro,37.37,27.18,1.82,31.44,2.19,2697
02016,west,nonmetro,21.04,25.53,3.18,47.7,2.54,5465
02020,west,medium_small_metro,7.4,6.8,6.16,74.73,4.91,260283
02050,west,nonmetro,82.1,1.11,0.39,12.81,3.59,16006
02060,west,nonmetro,43.72,1.35,0.56,52.86,1.51,1258
02068,west,nonmetro,4.75,2.01,1.43,87.43,4.38,1893
02070,west,nonmetro,70.72,0.71,0.37,22.33,5.87,4922
02090,west,medium_small_metro,6.99,2.54,6.09,79.81,4.57,82840
02100,west,nonmetro,11.5,0.79,0.25,83.07,4.39,2392
02110,west,nonmetro,11.49,5.23,0.85,76.16,6.26,30711
02122,west,nonmetro,7.53,1.22,0.47,87.45,3.33,49691
02130,west,nonmetro,15.03,4.51,0.54,75.01,4.9,14070
02150,west,nonmetro,14.72,17.34,0.98,62.92,4.04,13913
02164,west,nonmetro,73.51,0.6,0.05,19.47,6.36,1823
02170,west,medium_small_metro,5.55,0.9,0.73,88.84,3.98,59322
02180,west,nonmetro,75.35,0.7,0.39,19.6,3.97,9196
02185,west,nonmetro,68.65,6.87,0.76,17.64,6.08,7385
02188,west,nonmetro,82.7,0.96,0.21,12.65,3.48,7208
02201,west,nonmetro,38.84,0.44,0.15,53.71,6.87,6146
02220,west,nonmetro,18.75,4.37,0.34,69.68,6.86,8835
02232,west,nonmetro,35.19,0.52,0.15,59.31,4.83,3436
02240,west,nonmetro,12.8,0.86,2.02,80.3,4.02,6174
02261,west,nonmetro,13.34,3.97,0.32,77.36,5.0,10195
02270,west,nonmetro,92.62,0.14,0.06,4.8,2.39,7028
02280,west,nonmetro,16.14,1.86,0.22,74.51,7.27,6684
02282,west,nonmetro,39.73,1.98,0.12,50.37,7.8,808
02290,west,nonmetro,71.03,0.43,0.09,24.71,3.74,6551
04001,west,nonmetro,77.1,0.21,0.26,21.59,0.83,69423
04003,west,nonmetro,1.3,2.09,4.77,89.78,2.07,117755
04005,west,medium_small_metro,28.73,0.94,1.1,67.72,1.5,116320
04007,west,nonmetro,13.1,0.53,0.44,85.01,0.92,51335
04009,west,nonmetro,15.17,0.74,2.02,81.3,0.76,33489
04011,west,nonmetro,1.83,0.36,0.61,96.14,1.06,8547
04012,west,nonmetro,13.24,0.55,0.91,83.8,1.5,19715
04013,west,large_central,2.05,2.5,3.95,90.17,1.33,3072149
04015,west,nonmetro,2.51,0.96,0.57,94.71,1.24,155032
04017,west,nonmetro,47.95,0.41,0.92,49.51,1.21,97470
04019,west,medium_small_metro,3.47,2.36,3.26,89.39,1.53,843746
04021,west,large_fringe,8.13,0.86,2.96,86.96,1.1,179727
04023,west,nonmetro,0.79,0.74,0.45,97.61,0.41,38381
04025,west,medium_small_metro,1.66,0.64,0.43,96.02,1.25,167517
04027,west,medium_small_metro,1.84,1.32,2.5,93.27,1.06,160026
05001,south,nonmetro,0.22,0.36,23.41,75.4,0.61,20749
05003,south,nonmetro,0.23,0.26,27.22,71.72,0.56,24209
05005,south,nonmetro,0.52,0.37,0.11,98.1,0.89,38386
05007,south,medium_small_metro,1.68,1.26,0.47,95.24,1.35,153406
05009,south,nonmetro,0.71,0.35,0.12,98.05,0.77,33948
05011,south,nonmetro,0.24,0.13,28.76,70.38,0.48,12600
05013,south,nonmetro,0.21,0.03,23.43,75.52,0.8,5744
05015,south,nonmetro,0.88,0.51,0.12,97.36,1.13,25357
05017,south,nonmetro,0.13,0.46,54.15,44.56,0.7,14117
05019,south,nonmetro,0.47,0.68,22.14,75.67,1.04,23546
05021,south,nonmetro,0.69,0.08,0.19,98.32,0.72,17609
05023,south,nonmetro,0.47,0.17,0.12,98.44,0.79,24046
05025,south,medium_small_metro,0.32,0.18,13.23,85.52,0.76,8571
05027,south,nonmetro,0.27,0.38,36.14,62.6,0.61,25603
05029,south,nonmetro,0.52,0.28,13.08,85.13,0.99,20336
05031,south,medium_small_metro,0.35,0.66,7.84,90.33,0.82,82148
05033,south,medium_small_metro,2.02,1.27,0.89,93.92,1.9,53247
05035,south,large_fringe,0.24,0.5,47.11,51.66,0.49,50866
05037,south,nonmetro,0.24,0.32,23.7,75.14,0.59,19526
05039,south,nonmetro,0.25,0.27,41.0,57.99,0.49,9210
05041,south,nonmetro,0.35,0.33,46.41,52.33,0.58,15341
05043,south,nonmetro,0.25,0.46,27.19,71.4,0.7,18723
05045,south,medium_small_metro,0.53,0.8,8.53,89.17,0.98,86014
05047,south,medium_small_metro,0.83,0.33,0.65,97.24,0.96,17771
05049,south,nonmetro,0.68,0.21,0.2,97.87,1.04,11642
05051,south,medium_small_metro,0.62,0.55,7.86,89.71,1.26,88068
05053,south,medium_small_metro,0.46,0.18,2.49,96.23,0.65,16464
05055,south,nonmetro,0.44,0.19,0.13,97.98,1.26,37331
05057,south,nonmetro,0.45,0.3,30.51,67.55,1.19,23587
05059,south,nonmetro,0.46,0.26,10.31,87.85,1.11,30353
05061,south,nonmetro,0.44,0.51,21.98,76.39,0.68,14300
05063,south,nonmetro,0.48,0.7,2.05,95.66,1.12,34233
05065,south,nonmetro,0.68,0.14,1.44,96.75,0.99,13249
05067,south,nonmetro,0.34,0.18,17.61,81.2,0.66,18418
05069,south,medium_small_metro,0.24,0.73,49.65,48.76,0.61,84278
05071,south,nonmetro,0.63,0.39,1.42,96.51,1.05,22781
05073,south,nonmetro,0.37,0.23,36.5,62.34,0.55,8559
05075,south,nonmetro,0.57,0.07,0.44,98.01,0.91,17774
05077,south,nonmetro,0.16,0.33,57.41,41.8,0.29,12580
05079,south,medium_small_metro,0.4,0.08,32.94,65.91,0.67,14492
05081,south,nonmetro,1.47,0.23,21.32,75.61,1.38,13628
05083,south,nonmetro,0.7,0.17,1.06,96.88,1.19,22486
05085,south,medium_small_metro,0.5,0.47,6.46,91.67,0.9,52828
05087,south,medium_small_metro,1.25,0.15,0.12,97.51,0.97,14243
05089,south,nonmetro,0.76,0.25,0.12,97.73,1.14,16140
05091,south,medium_small_metro,0.64,0.4,23.08,74.85,1.04,40443
05093,south,nonmetro,0.29,0.44,32.82,65.53,0.93,51979
05095,south,nonmetro,0.26,0.18,38.92,59.63,1.01,10254
05097,south,nonmetro,1.11,0.38,0.3,97.03,1.18,9245
05099,south,nonmetro,0.39,0.07,31.26,67.72,0.55,9955
05101,south,nonmetro,0.56,0.17,0.14,98.0,1.13,8608
05103,south,nonmetro,0.26,0.28,38.71,60.0,0.74,28790
05105,south,medium_small_metro,0.98,0.17,1.74,96.14,0.97,10209
05107,south,nonmetro,0.21,0.36,59.12,39.73,0.59,26445
05109,south,nonmetro,0.65,0.19,3.58,94.68,0.89,11303
05111,south,medium_small_metro,0.25,0.18,7.14,91.83,0.6,25614
05113,south,nonmetro,1.54,0.28,0.17,96.56,1.45,20229
05115,south,nonmetro,0.7,0.72,2.65,94.82,1.11,54469
05117,south,nonmetro,0.38,0.18,13.71,85.16,0.58,9539
05119,south,medium_small_metro,0.4,1.33,31.99,65.17,1.11,361474
05121,south,nonmetro,0.54,0.09,0.98,97.47,0.92,18195
05123,south,nonmetro,0.26,0.59,49.12,49.49,0.54,29329
05125,south,medium_small_metro,0.5,0.61,2.22,95.81,0.85,83529
05127,south,nonmetro,1.4,1.0,0.23,96.28,1.09,10996
05129,south,nonmetro,0.75,0.17,0.04,97.85,1.2,8261
05131,south,medium_small_metro,1.6,3.7,6.22,86.37,2.11,115071
05133,south,nonmetro,1.83,0.19,4.99,91.82,1.17,15757
05135,south,nonmetro,0.69,0.16,0.52,97.43,1.2,17119
05137,south,nonmetro,0.79,0.1,0.08,97.48,1.55,11499
05139,south,nonmetro,0.25,0.41,32.0,66.66,0.68,45629
05141,south,nonmetro,0.77,0.33,0.33,97.37,1.21,16192
05143,south,medium_small_metro,1.29,2.26,2.3,92.59,1.56,157715
05145,south,nonmetro,0.45,0.37,3.6,94.49,1.1,67165
05147,south,nonmetro,0.23,0.18,30.79,68.06,0.74,8741
05149,south,nonmetro,0.61,0.87,1.49,96.02,1.01,21139
06001,west,large_central,0.75,21.86,15.38,58.89,3.11,1443741
06003,west,nonmetro,19.78,0.41,0.58,74.75,4.47,1208
06005,west,nonmetro,1.85,1.19,4.09,91.11,1.75,35100
06007,west,medium_small_metro,2.02,3.71,1.47,90.27,2.53,203171
06009,west,nonmetro,1.81,1.01,0.77,94.01,2.4,40554
06011,west,nonmetro,2.67,2.12,0.67,93.37,1.17,18804
06013,west,large_fringe,0.72,11.86,9.67,74.84,2.91,948816
06015,west,nonmetro,6.57,2.53,4.33,83.3,3.27,27507
06017,west,large_fringe,1.09,2.38,0.56,93.96,2.01,156299
06019,west,medium_small_metro,1.93,8.86,5.68,81.82,1.7,799407
06021,west,nonmetro,2.25,3.79,0.69,91.63,1.63,26453
06023,west,nonmetro,5.85,1.95,0.92,87.87,3.41,126518
06025,west,medium_small_metro,2.16,2.62,4.32,90.01,0.9,142361
06027,west,nonmetro,10.35,1.09,0.22,86.2,2.14,17945
06029,west,medium_small_metro,1.79,3.91,6.32,86.1,1.88,661645
06031,west,medium_small_metro,1.99,3.52,8.68,83.96,1.85,129461
06033,west,nonmetro,3.22,1.06,2.16,91.11,2.45,58309
06035,west,nonmetro,3.41,1.27,9.18,84.28,1.87,33828
06037,west,large_central,1.06,12.77,10.28,74.23,1.65,9519338
06039,west,medium_small_metro,3.1,1.79,4.44,88.75,1.92,123109
06041,west,large_fringe,0.54,4.88,3.05,89.44,2.09,247289
06043,west,nonmetro,3.63,0.93,0.7,92.14,2.6,17130
06045,west,nonmetro,4.98,1.51,0.7,90.33,2.47,86265
06047,west,medium_small_metro,1.57,7.6,4.11,84.68,2.04,210554
06049,west,nonmetro,4.24,0.71,0.7,92.2,2.15,9449
06051,west,nonmetro,2.53,1.37,0.59,94.08,1.43,12853
06053,west,medium_small_metro,1.36,7.13,4.11,85.01,2.38,401762
06055,west,medium_small_metro,0.98,3.43,1.42,92.25,1.91,124279
06057,west,nonmetro,0.94,0.94,0.29,95.88,1.94,92033
06059,west,large_central,0.89,14.34,1.86,81.09,1.82,2846289
06061,west,large_fringe,0.96,3.27,0.86,92.77,2.15,248399
06063,west,nonmetro,2.61,0.65,0.63,94.05,2.06,20824
06065,west,large_central,1.4,4.3,6.58,85.75,1.97,1545387
06067,west,large_central,1.22,12.41,10.33,72.56,3.48,1223499
06069,west,large_fringe,1.44,3.12,1.35,91.95,2.15,53234
06071,west,large_fringe,1.43,5.43,9.55,81.44,2.15,1709434
06073,west,large_central,1.01,9.84,6.12,80.54,2.5,2813833
06075,west,large_central,0.54,31.93,8.08,57.13,2.32,776733
06077,west,medium_small_metro,1.34,12.84,6.99,76.01,2.82,563598
06079,west,medium_small_metro,1.07,2.99,2.1,91.77,2.07,246681
06081,west,large_fringe,0.54,22.23,3.72,71.08,2.44,707161
06083,west,medium_small_metro,1.54,4.62,2.47,89.26,2.12,399347
06085,west,large_central,0.83,26.6,3.02,67.25,2.3,1682585
06087,west,medium_small_metro,1.17,3.94,1.11,91.45,2.33,255602
06089,west,medium_small_metro,2.87,2.11,0.77,91.55,2.7,163256
06091,west,nonmetro,1.91,0.25,0.2,95.81,1.83,3555
06093,west,nonmetro,4.0,1.41,1.37,90.44,2.78,44301
06095,west,medium_small_metro,0.89,14.29,15.29,65.42,4.1,394542
06097,west,medium_small_metro,1.35,3.53,1.55,91.13,2.43,458614
06099,west,medium_small_metro,1.5,5.26,2.79,88.15,2.3,446997
06101,west,medium_small_metro,1.73,12.34,2.0,81.47,2.45,78930
06103,west,nonmetro,2.19,0.98,0.6,94.02,2.21,56039
06105,west,nonmetro,4.96,0.7,0.51,90.22,3.61,13022
06107,west,medium_small_metro,1.94,3.8,1.84,90.94,1.48,368021
06109,west,nonmetro,1.92,0.94,2.13,92.82,2.18,54501
06111,west,medium_small_metro,1.17,5.94,2.17,88.75,1.98,753197
06113,west,large_fringe,1.36,10.82,2.21,82.99,2.63,168660
06115,west,medium_small_metro,2.78,8.16,3.36,81.71,3.98,60219
08001,west,large_fringe,1.38,3.54,3.16,90.25,1.67,363857
08003,west,nonmetro,2.96,1.18,1.26,92.96,1.64,14966
08005,west,large_fringe,0.74,4.21,7.97,85.07,2.01,487967
08007,west,nonmetro,1.54,0.34,0.41,96.52,1.18,9898
08009,west,nonmetro,1.22,0.27,0.04,97.03,1.44,4517
08011,west,nonmetro,2.45,0.77,3.7,91.68,1.4,5998
08013,west,medium_small_metro,0.7,3.25,0.94,93.77,1.34,291288
08015,west,nonmetro,1.16,0.52,1.68,95.62,1.02,16242
08017,west,nonmetro,0.81,0.13,0.49,98.25,0.31,2231
08019,west,large_fringe,0.78,0.41,0.3,97.59,0.92,9322
08021,west,nonmetro,1.96,0.3,0.3,96.58,0.86,8400
08023,west,nonmetro,3.03,1.45,0.87,92.74,1.91,3663
08025,west,nonmetro,2.61,0.89,7.07,88.24,1.2,5518
08027,west,nonmetro,1.11,0.43,0.37,96.83,1.26,3503
08029,west,nonmetro,0.82,0.38,0.54,97.11,1.15,27834
08031,west,large_central,1.55,3.16,11.6,81.98,1.72,554636
08033,west,nonmetro,2.22,0.49,0.05,96.26,0.98,1844
08035,west,large_fringe,0.42,2.63,0.99,94.66,1.29,175766
08037,west,nonmetro,0.77,0.97,0.4,97.27,0.59,41659
08039,west,large_fringe,0.66,0.5,0.65,96.9,1.29,19872
08041,west,medium_small_metro,1.02,2.95,6.86,86.45,2.71,516929
08043,west,nonmetro,1.56,0.59,5.38,91.12,1.35,46145
08045,west,nonmetro,0.77,0.57,0.52,97.15,0.99,43791
08047,west,large_fringe,0.82,0.95,0.53,96.28,1.43,4757
08049,west,nonmetro,0.44,0.8,0.48,97.56,0.71,12442
08051,west,nonmetro,0.76,0.58,0.49,97.06,1.11,13956
08053,west,nonmetro,1.52,0.38,0.0,97.72,0.38,790
08055,west,nonmetro,3.07,0.48,2.86,91.58,2.01,7862
08057,west,nonmetro,0.82,0.06,0.25,98.16,0.7,1577
08059,west,large_fringe,0.81,2.44,0.95,94.41,1.39,527056
08061,west,nonmetro,1.29,0.12,0.49,97.66,0.43,1622
08063,west,nonmetro,0.52,0.37,1.83,96.77,0.5,8011
08065,west,nonmetro,1.6,0.51,0.23,96.56,1.1,7812
08067,west,nonmetro,5.96,0.53,0.35,91.7,1.45,43941
08069,west,medium_small_metro,0.72,1.71,0.7,95.47,1.41,251494
08071,west,nonmetro,2.79,0.71,0.43,94.75,1.32,15207
08073,west,nonmetro,0.95,0.76,5.03,92.28,0.99,6087
08075,west,nonmetro,0.67,0.49,2.12,95.95,0.77,20504
08077,west,medium_small_metro,0.98,0.7,0.5,96.51,1.3,116255
08079,west,nonmetro,0.84,0.0,0.0,97.11,2.05,831
08081,west,nonmetro,0.93,0.39,0.23,97.26,1.19,13184
08083,west,nonmetro,11.39,0.32,0.15,86.59,1.54,23830
08085,west,nonmetro,1.36,0.52,0.4,96.58,1.14,33432
08087,west,nonmetro,1.0,0.44,0.5,97.29,0.77,27171
08089,west,nonmetro,1.69,0.94,0.92,95.14,1.32,20311
08091,west,nonmetro,0.94,0.43,0.08,97.19,1.36,3742
08093,west,large_fringe,0.99,0.45,0.56,96.59,1.4,14523
08095,west,nonmetro,0.51,0.54,0.2,97.86,0.89,4480
08097,west,nonmetro,0.27,1.26,0.58,97.1,0.79,14872
08099,west,nonmetro,1.51,0.52,0.38,96.81,0.78,14483
08101,west,medium_small_metro,1.84,0.86,2.14,93.83,1.33,141472
08103,west,nonmetro,0.79,0.28,0.18,97.58,1.17,5986
08105,west,nonmetro,1.57,0.35,0.42,96.82,0.84,12413
08107,west,nonmetro,0.49,0.51,0.18,97.89,0.93,19690
08109,west,nonmetro,2.32,0.56,0.15,95.59,1.39,5917
08111,west,nonmetro,1.25,0.54,0.0,98.03,0.18,558
08113,west,nonmetro,0.85,0.85,0.32,97.26,0.73,6594
08115,west,nonmetro,0.18,0.98,0.55,97.42,0.87,2747
08117,west,nonmetro,0.56,1.01,0.71,96.95,0.77,23548
08119,west,medium_small_metro,1.02,0.69,0.59,96.2,1.51,20555
08121,west,nonmetro,0.71,0.22,0.04,98.58,0.45,4926
08123,west,medium_small_metro,1.07,1.04,0.69,96.04,1.16,180936
08125,west,nonmetro,0.38,0.14,0.15,98.62,0.71,9841
09001,northeast,medium_small_metro,0.24,3.48,10.74,84.58,0.97,882567
09003,northeast,large_central,0.27,2.66,12.79,83.14,1.15,857183
09005,northeast,nonmetro,0.19,1.23,1.18,96.62,0.79,182193
09007,northeast,large_fringe,0.18,1.68,4.61,92.45,1.08,155071
09009,northeast,medium_small_metro,0.28,2.5,12.02,84.05,1.15,824008
09011,northeast,medium_small_metro,0.99,2.09,5.81,89.12,1.99,259088
09013,northeast,large_fringe,0.23,2.4,2.94,93.45,0.99,136364
09015,northeast,nonmetro,0.51,0.95,2.31,94.96,1.28,109091
10001,south,medium_small_metro,0.65,1.79,21.08,74.78,1.7,126697
10003,south,large_fringe,0.23,2.7,20.59,75.41,1.07,500265
10005,south,nonmetro,0.66,0.82,15.23,82.41,0.88,156638
11001,south,large_central,0.34,2.84,61.08,34.47,1.27,572059
12001,south,medium_small_metro,0.26,3.66,19.49,75.22,1.37,217955
12003,south,large_fringe,0.4,0.45,13.99,84.36,0.8,22259
12005,south,medium_small_metro,0.8,1.87,10.72,85.0,1.61,148217
12007,south,nonmetro,0.38,0.77,20.92,77.05,0.88,26088
12009,south,medium_small_metro,0.39,1.65,8.59,88.13,1.24,476230
12011,south,large_fringe,0.27,2.48,21.87,74.31,1.07,1623018
12013,south,nonmetro,1.31,0.6,15.86,81.06,1.18,13017
12015,south,medium_small_metro,0.24,0.93,4.58,93.54,0.72,141627
12017,south,nonmetro,0.36,0.82,2.4,95.58,0.84,118085
12019,south,large_fringe,0.48,2.18,6.96,88.95,1.43,140814
12021,south,medium_small_metro,0.35,0.76,5.39,92.98,0.52,251377
12023,south,nonmetro,0.55,0.75,17.15,80.51,1.05,56513
12027,south,nonmetro,1.73,0.49,12.98,84.17,0.64,32209
12029,south,nonmetro,0.46,0.28,9.02,89.4,0.83,13827
12031,south,large_central,0.35,2.9,28.15,67.35,1.26,778879
12033,south,medium_small_metro,0.92,2.42,21.55,73.32,1.79,294410
12035,south,nonmetro,0.28,1.24,9.04,88.45,1.0,49832
12037,south,nonmetro,0.48,0.24,16.39,81.86,1.04,11057
12039,south,medium_small_metro,0.27,0.31,57.36,41.58,0.48,45087
12041,south,medium_small_metro,0.46,0.19,7.02,91.32,1.01,14437
12043,south,nonmetro,5.07,0.45,10.65,82.89,0.95,10576
12045,south,nonmetro,0.67,0.47,17.13,80.45,1.28,13332
12047,south,nonmetro,0.46,0.3,37.95,60.53,0.77,13327
12049,south,nonmetro,0.88,0.49,8.86,89.21,0.56,26938
12051,south,nonmetro,0.94,0.59,15.08,82.86,0.53,36210
12053,south,large_fringe,0.32,0.71,4.18,94.02,0.77,130802
12055,south,nonmetro,0.49,1.15,9.66,88.0,0.7,87366
12057,south,large_central,0.44,2.41,15.46,80.45,1.23,998948
12059,south,nonmetro,1.03,0.45,6.62,90.66,1.24,18564
12061,south,medium_small_metro,0.26,0.8,8.39,89.89,0.65,112947
12063,south,nonmetro,0.68,0.4,26.73,71.02,1.17,46755
12065,south,medium_small_metro,0.41,0.36,38.41,60.0,0.81,12902
12067,south,nonmetro,0.77,0.28,14.5,83.58,0.87,7022
12069,south,large_fringe,0.36,0.89,8.42,89.6,0.72,210528
12071,south,medium_small_metro,0.33,0.89,6.93,91.12,0.72,440888
12073,south,medium_small_metro,0.3,2.01,29.32,67.29,1.08,239452
12075,south,nonmetro,0.48,0.44,11.0,87.05,1.02,34450
12077,south,nonmetro,1.87,0.16,18.66,78.46,0.85,7021
12079,south,nonmetro,0.33,0.35,40.47,58.04,0.81,18733
12081,south,medium_small_metro,0.3,1.01,8.4,89.5,0.78,264002
12083,south,medium_small_metro,0.47,0.77,11.75,86.1,0.9,258916
12085,south,medium_small_metro,0.39,0.75,5.44,92.78,0.64,126731
12086,south,large_central,0.25,1.56,21.39,75.92,0.88,2253362
12087,south,nonmetro,0.39,0.93,4.99,92.8,0.9,79589
12089,south,large_fringe,0.43,0.52,7.77,90.51,0.78,57663
12091,south,medium_small_metro,0.62,2.79,9.29,84.96,2.33,170498
12093,south,nonmetro,0.64,0.8,8.02,89.69,0.84,35910
12095,south,large_central,0.38,3.7,19.28,75.23,1.4,896344
12097,south,large_fringe,0.52,2.55,8.35,87.17,1.39,172493
12099,south,large_fringe,0.28,1.69,14.68,82.56,0.8,1131184
12101,south,large_fringe,0.37,1.03,2.15,95.55,0.89,344765
12103,south,large_central,0.32,2.18,9.12,87.36,1.01,921482
12105,south,medium_small_metro,0.43,1.04,13.92,83.73,0.88,483924
12107,south,nonmetro,0.46,0.55,17.19,81.0,0.8,70423
12109,south,large_fringe,0.28,1.06,6.35,91.57,0.74,123135
12111,south,medium_small_metro,0.26,1.07,15.98,81.84,0.85,192695
12113,south,medium_small_metro,1.04,1.46,4.31,91.52,1.67,117743
12115,south,medium_small_metro,0.24,0.84,4.27,93.98,0.68,325957
12117,south,large_fringe,0.33,2.67,9.91,85.88,1.22,365196
12119,south,nonmetro,0.55,0.55,13.93,84.1,0.88,53345
12121,south,nonmetro,0.42,0.57,12.18,85.82,1.02,34844
12123,south,nonmetro,0.99,0.47,19.09,78.31,1.14,19256
12125,south,nonmetro,0.68,0.39,23.0,74.8,1.12,13442
12127,south,medium_small_metro,0.33,1.1,9.46,88.21,0.89,443343
12129,south,medium_small_metro,0.6,0.3,11.6,86.57,0.92,22863
12131,south,nonmetro,1.31,0.57,7.02,89.36,1.74,40601
12133,south,nonmetro,1.58,0.49,13.8,82.41,1.72,20973
13001,south,nonmetro,0.21,0.34,19.65,79.33,0.48,17419
13003,south,nonmetro,0.5,0.35,20.08,78.51,0.55,7609
13005,south,nonmetro,0.16,0.31,15.79,83.01,0.73,10103
13007,south,medium_small_metro,0.22,0.05,50.44,48.99,0.29,4074
13009,south,nonmetro,0.22,1.05,43.48,54.69,0.56,44700
13011,south,nonmetro,0.31,0.79,3.22,95.17,0.51,14422
13013,south,large_fringe,0.32,2.39,9.79,86.59,0.91,46144
13015,south,large_fringe,0.29,0.56,8.73,89.6,0.83,76019
13017,south,nonmetro,0.24,0.31,32.77,66.13,0.55,17484
13019,south,nonmetro,0.26,0.4,11.55,87.05,0.74,16235
13021,south,medium_small_metro,0.19,1.17,47.45,50.61,0.59,153887
13023,south,nonmetro,0.1,0.98,24.65,73.7,0.57,11666
13025,south,medium_small_metro,0.14,0.11,3.99,94.76,1.01,14629
13027,south,medium_small_metro,0.3,0.34,39.39,59.16,0.8,16450
13029,south,medium_small_metro,0.35,0.92,14.22,83.38,1.13,23417
13031,south,nonmetro,0.16,0.87,28.86,69.55,0.56,55983
13033,south,medium_small_metro,0.23,0.29,51.09,47.63,0.76,22243
13035,south,large_fringe,0.45,0.28,28.91,69.6,0.75,19522
13037,south,nonmetro,0.14,0.09,60.63,38.8,0.33,6320
13039,south,nonmetro,0.51,1.2,20.35,76.5,1.45,43664
13043,south,nonmetro,0.3,0.38,27.13,71.71,0.48,9577
13045,south,large_fringe,0.28,0.66,16.44,81.84,0.78,87268
13047,south,medium_small_metro,0.32,0.77,1.26,96.9,0.75,53282
13049,south,nonmetro,0.44,0.4,29.26,68.85,1.05,10282
13051,south,medium_small_metro,0.27,1.86,40.7,56.25,0.93,232048
13053,south,medium_small_metro,0.87,2.53,31.16,63.22,2.23,14882
13055,south,nonmetro,0.08,0.2,11.27,87.62,0.84,25470
13057,south,large_fringe,0.41,0.88,2.55,95.3,0.84,141903
13059,south,medium_small_metro,0.22,3.26,27.41,68.13,0.99,101489
13061,south,nonmetro,0.12,0.33,60.47,38.43,0.66,3357
13063,south,large_fringe,0.36,4.73,52.23,41.39,1.29,236517
13065,south,nonmetro,0.51,0.12,29.5,69.06,0.81,6878
13067,south,large_fringe,0.29,3.24,19.18,76.26,1.03,607751
13069,south,nonmetro,0.33,0.64,26.13,72.39,0.51,37413
13071,south,nonmetro,0.33,0.52,23.62,75.0,0.54,42053
13073,south,medium_small_metro,0.33,3.54,11.29,83.6,1.24,89288
13075,south,nonmetro,0.22,0.46,29.19,69.53,0.61,15771
13077,south,large_fringe,0.24,0.75,18.03,80.22,0.77,89215
13079,south,medium_small_metro,0.39,0.18,23.87,74.72,0.84,12495
13081,south,nonmetro,0.15,0.73,43.52,55.11,0.5,21996
13083,south,medium_small_metro,0.49,0.41,0.65,97.74,0.71,15154
13085,south,large_fringe,0.37,0.37,0.38,98.06,0.82,15999
13087,south,nonmetro,0.27,0.37,39.94,58.9,0.52,28240
13089,south,large_fringe,0.28,4.22,54.95,39.5,1.04,665865
13091,south,nonmetro,0.22,0.24,29.47,69.75,0.32,19171
13093,south,nonmetro,0.17,0.62,49.8,48.8,0.61,11525
13095,south,medium_small_metro,0.24,0.64,60.29,38.25,0.58,96065
13097,south,large_fringe,0.39,1.24,18.66,78.61,1.09,92174
13099,south,nonmetro,0.2,0.24,48.23,50.66,0.66,12354
13101,south,medium_small_metro,1.15,0.13,7.14,90.97,0.61,3754
13103,south,medium_small_metro,0.32,0.51,13.05,85.3,0.81,37535
13105,south,nonmetro,0.2,0.28,30.88,68.22,0.43,20511
13107,south,nonmetro,0.16,0.25,33.31,65.86,0.42,21837
13109,south,nonmetro,0.24,0.51,33.12,65.77,0.36,10495
13111,south,nonmetro,0.47,0.25,0.12,98.22,0.93,19798
13113,south,large_fringe,0.22,2.52,11.6,84.74,0.93,91263
13115,south,medium_small_metro,0.32,1.09,13.39,84.47,0.73,90565
13117,south,large_fringe,0.29,0.84,0.73,97.58,0.55,98407
13119,south,nonmetro,0.21,0.28,8.86,89.99,0.66,20285
13121,south,large_central,0.21,3.18,44.9,50.87,0.84,816006
13123,south,nonmetro,0.8,0.56,0.43,97.55,0.66,23456
13125,south,nonmetro,0.27,0.0,8.29,90.81,0.63,2556
13127,south,medium_small_metro,0.28,0.69,26.58,71.64,0.81,67568
13129,south,nonmetro,0.29,0.71,3.56,94.74,0.71,44104
13131,south,nonmetro,0.93,0.33,30.29,67.84,0.61,23659
13133,south,nonmetro,0.25,0.37,44.58,54.39,0.41,14406
13135,south,large_fringe,0.34,7.47,13.64,77.46,1.09,588448
13137,south,nonmetro,0.47,2.2,4.55,91.94,0.84,35902
13139,south,medium_small_metro,0.38,1.61,7.4,89.98,0.62,139277
13141,south,nonmetro,0.17,0.11,77.82,21.66,0.25,10076
13143,south,large_fringe,0.25,0.34,5.44,93.25,0.72,25690
13145,south,medium_small_metro,0.36,0.53,19.53,78.88,0.7,23695
13147,south,nonmetro,0.16,0.56,19.38,79.39,0.52,22997
13149,south,large_fringe,0.32,0.18,10.9,88.06,0.54,11012
13151,south,large_fringe,0.23,1.85,14.8,82.23,0.89,119341
13153,south,medium_small_metro,0.35,1.72,24.93,71.7,1.3,110765
13155,south,nonmetro,0.16,0.34,25.93,73.24,0.33,9931
13157,south,nonmetro,0.19,1.02,7.83,90.18,0.78,41589
13159,south,large_fringe,0.21,0.18,27.36,71.65,0.6,11426
13161,south,nonmetro,0.25,0.51,15.15,83.74,0.34,12684
13163,south,nonmetro,0.12,0.22,56.37,42.96,0.34,17266
13165,south,nonmetro,0.29,0.31,40.51,58.33,0.55,8575
13167,south,nonmetro,0.13,0.14,36.97,62.51,0.25,8560
13169,south,medium_small_metro,0.21,0.57,23.35,75.33,0.54,23639
13171,south,large_fringe,0.31,0.39,30.5,68.09,0.71,15912
13173,south,medium_small_metro,0.57,0.46,25.7,72.27,1.01,7241
13175,south,nonmetro,0.22,0.85,34.6,63.83,0.51,44874
13177,south,medium_small_metro,0.24,0.9,15.54,82.81,0.51,24757
13179,south,medium_small_metro,0.56,2.4,44.13,50.77,2.15,61610
13181,south,nonmetro,0.37,0.2,34.43,64.49,0.5,8348
13183,south,medium_small_metro,0.76,0.96,24.54,72.44,1.3,10304
13185,south,medium_small_metro,0.39,1.32,34.14,63.16,0.98,92115
13187,south,nonmetro,0.97,0.45,1.48,95.78,1.32,21016
13189,south,medium_small_metro,0.25,0.37,37.64,61.14,0.6,21231
13191,south,medium_small_metro,0.43,0.33,36.89,61.56,0.79,10847
13193,south,nonmetro,0.23,0.66,59.55,38.92,0.64,14074
13195,south,medium_small_metro,0.21,0.38,8.49,90.18,0.74,25730
13197,south,medium_small_metro,0.36,0.45,34.36,63.51,1.32,7144
13199,south,large_fringe,0.34,0.31,42.28,56.56,0.5,22534
13201,south,nonmetro,0.17,0.13,28.92,70.52,0.27,6383
13205,south,nonmetro,0.22,0.36,47.89,50.93,0.61,23932
13207,south,medium_small_metro,0.35,0.39,27.95,70.65,0.67,21757
13209,south,nonmetro,0.07,0.24,27.27,71.95,0.47,8270
13211,south,nonmetro,0.14,0.34,28.61,70.29,0.62,15457
13213,south,medium_small_metro,0.34,0.29,0.63,98.09,0.65,36506
13215,south,medium_small_metro,0.41,1.78,44.27,52.28,1.26,186291
13217,south,large_fringe,0.23,0.79,22.33,75.96,0.7,62001
13219,south,medium_small_metro,0.19,1.53,6.49,91.21,0.58,26225
13221,south,medium_small_metro,0.2,0.31,19.81,78.87,0.82,12635
13223,south,large_fringe,0.3,0.48,7.03,91.25,0.94,81678
13225,south,nonmetro,0.35,0.39,45.49,53.19,0.59,23668
13227,south,large_fringe,0.4,0.26,1.32,97.35,0.67,22983
13229,south,nonmetro,0.26,0.24,10.99,87.94,0.58,15636
13231,south,large_fringe,0.21,0.41,14.79,84.1,0.49,13688
13233,south,nonmetro,0.25,0.43,13.47,85.29,0.55,38127
13235,south,nonmetro,0.27,0.48,34.33,64.17,0.74,9588
13237,south,nonmetro,0.24,0.76,30.19,68.25,0.56,18812
13239,south,nonmetro,0.23,0.04,46.92,52.27,0.54,2598
13241,south,nonmetro,0.44,0.44,0.79,97.56,0.77,15050
13243,south,nonmetro,0.35,0.32,59.53,39.46,0.35,7791
13245,south,medium_small_metro,0.29,1.72,50.13,46.49,1.37,199775
13247,south,large_fringe,0.27,2.05,18.41,78.51,0.77,70111
13249,south,nonmetro,0.21,0.24,31.28,67.34,0.93,3766
13251,south,nonmetro,0.18,0.34,45.36,53.78,0.34,15374
13253,south,nonmetro,0.21,0.19,34.76,64.56,0.27,9369
13255,south,large_fringe,0.23,0.74,31.15,67.23,0.65,58417
13257,south,nonmetro,0.26,0.68,12.1,86.16,0.8,25435
13259,south,nonmetro,0.25,0.17,61.61,37.22,0.74,5252
13261,south,nonmetro,0.31,0.64,49.14,49.47,0.44,33200
13263,south,nonmetro,0.23,0.29,61.65,37.06,0.77,6498
13265,south,nonmetro,0.05,0.14,60.57,38.81,0.43,2077
13267,south,nonmetro,0.17,0.38,31.6,67.32,0.52,22305
13269,south,nonmetro,0.15,0.26,42.59,56.52,0.49,8815
13271,south,nonmetro,0.03,0.21,38.49,60.9,0.36,11794
13273,south,medium_small_metro,0.2,0.42,60.82,38.06,0.5,10970
13275,south,nonmetro,0.3,0.47,38.95,59.59,0.69,42737
13277,south,nonmetro,0.22,1.09,28.19,70.02,0.49,38407
13279,south,nonmetro,0.26,0.49,24.26,74.54,0.45,26067
13281,south,nonmetro,0.17,0.33,0.14,99.04,0.31,9319
13283,south,nonmetro,0.06,0.29,33.1,66.11,0.44,6854
13285,south,nonmetro,0.19,0.66,31.96,66.59,0.6,58779
13287,south,nonmetro,0.18,0.35,41.13,58.07,0.27,9504
13289,south,medium_small_metro,0.23,0.18,43.7,55.27,0.62,10590
13291,south,nonmetro,0.26,0.27,0.6,98.3,0.57,17289
13293,south,nonmetro,0.26,0.41,27.99,70.87,0.46,27597
13295,south,medium_small_metro,0.3,0.33,3.82,94.87,0.68,61053
13297,south,large_fringe,0.27,0.76,14.45,83.79,0.74,60687
13299,south,nonmetro,0.19,0.53,28.06,70.69,0.53,35483
13301,south,nonmetro,0.17,0.14,59.47,39.82,0.39,6336
13303,south,nonmetro,0.17,0.28,53.23,45.95,0.37,21176
13305,south,nonmetro,0.23,0.48,20.47,78.14,0.68,26565
13307,south,nonmetro,0.08,0.0,47.03,52.34,0.54,2390
13309,south,nonmetro,0.39,0.11,33.26,65.74,0.5,6179
13311,south,nonmetro,0.4,0.7,2.18,95.76,0.95,19944
13313,south,medium_small_metro,0.42,1.06,4.07,93.67,0.78,83525
13315,south,nonmetro,0.09,0.2,36.31,63.15,0.26,8577
13317,south,nonmetro,0.2,0.27,43.07,55.82,0.64,10687
13319,south,nonmetro,0.22,0.07,40.94,58.36,0.42,10220
13321,south,medium_small_metro,0.36,0.24,29.63,69.33,0.45,21967
15001,west,nonmetro,0.47,45.25,0.51,33.48,20.3,148677
15003,west,medium_small_metro,0.27,60.14,2.49,22.78,14.33,876156
15005,west,nonmetro,0.0001,66.67,0.0,31.97,1.36,147
15007,west,nonmetro,0.41,51.47,0.32,31.17,16.63,58463
15009,west,nonmetro,0.41,48.4,0.42,36.01,14.75,128094
16001,west,medium_small_metro,0.71,1.97,0.69,95.12,1.5,300904
16003,west,nonmetro,1.52,0.17,0.06,97.41,0.83,3476
16005,west,medium_small_metro,2.99,1.19,0.61,93.83,1.38,75565
16007,west,nonmetro,0.53,0.14,0.22,98.72,0.39,6411
16009,west,nonmetro,8.96,0.25,0.12,89.11,1.56,9171
16011,west,nonmetro,6.88,0.65,0.19,91.32,0.97,41735
16013,west,nonmetro,0.42,0.86,0.27,97.57,0.88,18991
16015,west,medium_small_metro,0.93,0.45,0.12,96.87,1.63,6670
16017,west,nonmetro,0.91,0.34,0.11,97.15,1.48,36835
16019,west,medium_small_metro,0.71,0.94,0.53,96.84,0.99,82522
16021,west,nonmetro,2.16,0.68,0.2,96.16,0.8,9871
16023,west,nonmetro,0.69,0.24,0.28,97.14,1.66,2899
16025,west,nonmetro,0.3,0.2,1.21,96.17,2.12,991
16027,west,medium_small_metro,0.96,1.08,0.4,96.21,1.35,131441
16029,west,nonmetro,0.21,0.29,0.05,98.8,0.66,7304
16031,west,nonmetro,0.96,0.49,0.22,97.37,0.96,21416
16033,west,nonmetro,0.98,0.29,0.1,98.14,0.49,1022
16035,west,nonmetro,2.03,0.47,0.15,95.76,1.6,8930
16037,west,nonmetro,0.62,0.05,0.0,98.46,0.88,4342
16039,west,nonmetro,0.97,2.01,3.38,91.56,2.08,29130
16041,west,medium_small_metro,0.41,0.19,0.11,98.9,0.4,11329
16043,west,nonmetro,0.52,0.45,0.2,97.88,0.96,11819
16045,west,medium_small_metro,0.93,0.43,0.07,97.37,1.2,15181
16047,west,nonmetro,0.9,0.31,0.27,97.59,0.93,14155
16049,west,nonmetro,2.98,0.32,0.09,95.29,1.32,15511
16051,west,medium_small_metro,0.56,0.43,0.35,97.96,0.69,19155
16053,west,nonmetro,0.83,0.37,0.23,97.75,0.81,18342
16055,west,medium_small_metro,1.25,0.6,0.18,96.65,1.33,108685
16057,west,nonmetro,0.78,2.24,0.6,94.98,1.4,34935
16059,west,nonmetro,0.61,0.23,0.13,97.76,1.27,7806
16061,west,nonmetro,3.95,0.53,0.35,94.05,1.12,3747
16063,west,nonmetro,1.43,0.49,0.47,96.12,1.48,4044
16065,west,nonmetro,0.33,0.82,0.26,97.94,0.66,27467
16067,west,nonmetro,1.05,0.51,0.27,97.28,0.9,20174
16069,west,medium_small_metro,5.35,0.74,0.28,92.25,1.38,37410
16071,west,nonmetro,0.32,0.22,0.12,98.88,0.46,4125
16073,west,medium_small_metro,3.32,0.7,0.23,94.29,1.46,10644
16075,west,nonmetro,0.9,0.91,0.11,96.56,1.52,20578
16077,west,medium_small_metro,3.5,0.41,0.17,95.45,0.46,7538
16079,west,nonmetro,1.55,0.33,0.11,96.52,1.49,13771
16081,west,nonmetro,0.55,0.42,0.17,98.38,0.48,5999
16083,west,nonmetro,0.77,0.9,0.23,97.08,1.01,64284
16085,west,nonmetro,0.75,0.41,0.09,97.88,0.88,7651
16087,west,nonmetro,0.79,1.29,0.1,96.67,1.14,9977
17001,midwest,nonmetro,0.17,0.42,3.1,95.53,0.77,68277
17003,midwest,nonmetro,0.28,0.42,34.95,63.56,0.79,9590
17005,midwest,large_fringe,0.46,0.33,7.47,91.18,0.56,17633
17007,midwest,medium_small_metro,0.35,0.54,0.96,97.32,0.83,41786
17009,midwest,nonmetro,0.09,0.27,18.26,81.02,0.36,6950
17011,midwest,nonmetro,0.19,0.59,0.35,98.34,0.52,35503
17013,midwest,large_fringe,0.31,0.18,0.08,98.94,0.49,5084
17015,midwest,nonmetro,0.25,0.46,0.55,97.95,0.79,16674
17017,midwest,nonmetro,0.18,0.31,0.45,98.53,0.52,13695
17019,midwest,medium_small_metro,0.27,6.63,11.27,80.34,1.48,179669
17021,midwest,nonmetro,0.18,0.42,2.17,96.81,0.42,35372
17023,midwest,nonmetro,0.18,0.16,0.2,98.95,0.51,17008
17025,midwest,nonmetro,0.25,0.54,0.11,98.78,0.33,14560
17027,midwest,large_fringe,0.16,0.39,3.94,95.06,0.45,35535
17029,midwest,nonmetro,0.22,0.86,2.31,95.94,0.68,53196
17031,midwest,large_central,0.36,5.1,26.48,67.12,0.95,5376741
17033,midwest,nonmetro,0.27,0.36,4.55,94.23,0.59,20452
17035,midwest,nonmetro,0.2,0.17,0.11,99.1,0.43,11253
17037,midwest,large_fringe,0.25,2.5,4.68,91.63,0.94,88969
17039,midwest,nonmetro,0.19,0.3,0.51,98.38,0.61,16798
17041,midwest,nonmetro,0.19,0.29,0.32,98.78,0.42,19922
17043,midwest,large_fringe,0.2,8.1,3.12,87.67,0.92,904161
17045,midwest,nonmetro,0.19,0.2,1.87,97.43,0.31,19704
17047,midwest,nonmetro,0.09,0.46,0.17,98.95,0.33,6971
17049,midwest,nonmetro,0.2,0.35,0.17,98.96,0.32,34264
17051,midwest,nonmetro,0.12,0.19,4.88,94.36,0.45,21802
17053,midwest,medium_small_metro,0.1,0.33,0.25,98.81,0.51,14241
17055,midwest,nonmetro,0.22,0.19,0.15,98.86,0.58,39018
17057,midwest,nonmetro,0.21,0.27,3.61,95.47,0.44,38250
17059,midwest,nonmetro,0.71,0.09,0.26,98.49,0.43,6445
17061,midwest,nonmetro,0.24,0.13,0.76,98.32,0.56,14761
17063,midwest,large_fringe,0.26,0.33,0.2,98.68,0.54,37535
17065,midwest,nonmetro,0.26,0.17,0.67,98.41,0.49,8621
17067,midwest,nonmetro,0.18,0.26,0.21,98.83,0.52,20121
17069,midwest,nonmetro,0.04,0.63,2.77,95.94,0.63,4800
17071,midwest,nonmetro,0.11,0.13,0.26,98.79,0.71,8213
17073,midwest,medium_small_metro,0.11,0.27,1.2,97.72,0.7,51020
17075,midwest,nonmetro,0.22,0.34,0.74,98.17,0.54,31334
17077,midwest,nonmetro,0.32,3.16,13.13,82.0,1.39,59612
17079,midwest,nonmetro,0.08,0.21,0.12,99.33,0.27,10117
17081,midwest,nonmetro,0.21,0.53,7.92,90.35,0.99,40045
17083,midwest,large_fringe,0.21,0.3,0.53,98.38,0.59,21668
17085,midwest,nonmetro,0.13,0.17,0.21,99.01,0.48,22289
17087,midwest,nonmetro,0.28,0.18,14.25,84.68,0.61,12878
17089,midwest,large_fringe,0.38,1.98,5.99,90.7,0.94,404119
17091,midwest,medium_small_metro,0.19,0.75,15.61,82.49,0.96,103833
17093,midwest,large_fringe,0.21,0.97,1.33,96.73,0.76,54544
17095,midwest,nonmetro,0.2,0.71,6.43,91.59,1.06,55836
17097,midwest,large_fringe,0.34,4.09,7.18,87.3,1.09,644356
17099,midwest,nonmetro,0.18,0.59,1.58,96.96,0.69,111509
17101,midwest,nonmetro,0.14,0.12,0.81,98.31,0.62,15452
17103,midwest,nonmetro,0.13,0.6,4.96,93.56,0.75,36062
17105,midwest,nonmetro,0.17,0.33,5.22,93.74,0.54,39678
17107,midwest,nonmetro,0.16,0.57,6.59,92.16,0.53,31183
17109,midwest,nonmetro,0.14,2.07,3.48,93.47,0.84,32913
17111,midwest,large_fringe,0.19,1.53,0.63,97.0,0.65,260077
17113,midwest,medium_small_metro,0.17,2.12,6.25,90.4,1.06,150433
17115,midwest,medium_small_metro,0.18,0.61,14.13,83.86,1.22,114706
17117,midwest,large_fringe,0.23,0.22,0.83,98.24,0.49,49019
17119,midwest,large_fringe,0.28,0.65,7.36,90.85,0.87,258941
17121,midwest,nonmetro,0.22,0.63,3.88,94.35,0.92,41691
17123,midwest,medium_small_metro,0.22,0.27,0.39,98.55,0.57,13180
17125,midwest,nonmetro,0.26,0.21,0.12,99.0,0.41,16038
17127,midwest,nonmetro,0.22,0.26,5.54,92.91,1.08,15161
17129,midwest,medium_small_metro,0.25,0.17,0.4,98.83,0.35,12486
17131,midwest,medium_small_metro,0.13,0.19,0.35,98.8,0.53,16957
17133,midwest,large_fringe,0.19,0.34,0.05,99.04,0.39,27619
17135,midwest,nonmetro,0.22,0.28,3.75,95.41,0.36,30652
17137,midwest,nonmetro,0.19,0.5,5.4,93.08,0.83,36616
17139,midwest,nonmetro,0.17,0.17,0.2,99.07,0.4,14287
17141,midwest,nonmetro,0.28,0.48,0.48,98.15,0.61,51032
17143,midwest,medium_small_metro,0.24,1.74,16.23,80.44,1.36,183433
17145,midwest,nonmetro,0.26,0.32,8.11,90.59,0.71,23094
17147,midwest,medium_small_metro,0.08,0.15,0.24,98.98,0.56,16365
17149,midwest,nonmetro,0.17,0.26,1.51,97.56,0.49,17384
17151,midwest,nonmetro,0.84,0.29,3.9,93.68,1.29,4413
17153,midwest,nonmetro,0.14,0.93,31.26,66.81,0.87,7348
17155,midwest,nonmetro,0.36,0.26,0.62,98.34,0.41,6086
17157,midwest,nonmetro,0.16,0.3,9.35,89.51,0.69,33893
17159,midwest,nonmetro,0.12,0.61,0.31,98.44,0.51,16149
17161,midwest,medium_small_metro,0.31,1.09,7.66,89.74,1.2,149374
17163,midwest,large_fringe,0.27,1.0,28.88,68.83,1.03,256082
17165,midwest,nonmetro,0.3,0.22,4.1,94.55,0.83,26733
17167,midwest,medium_small_metro,0.21,1.17,9.72,87.84,1.05,188951
17169,midwest,nonmetro,0.15,0.13,0.24,99.08,0.4,7189
17171,midwest,nonmetro,0.14,0.13,0.04,99.51,0.18,5537
17173,midwest,nonmetro,0.14,0.22,0.16,99.13,0.35,22893
17175,midwest,medium_small_metro,0.19,0.19,0.08,98.91,0.63,6332
17177,midwest,nonmetro,0.16,0.74,7.75,90.12,1.23,48979
17179,midwest,medium_small_metro,0.26,0.54,0.89,97.76,0.56,128485
17181,midwest,nonmetro,0.4,0.3,0.85,97.74,0.71,18293
17183,midwest,medium_small_metro,0.22,0.63,10.71,87.52,0.92,83919
17185,midwest,nonmetro,0.18,0.52,0.39,98.17,0.74,12937
17187,midwest,nonmetro,0.2,0.45,1.64,96.97,0.74,18735
17189,midwest,nonmetro,0.22,0.21,0.33,98.76,0.48,15148
17191,midwest,nonmetro,0.22,0.34,0.16,98.8,0.47,17151
17193,midwest,nonmetro,0.34,0.17,0.26,98.46,0.76,15371
17195,midwest,nonmetro,0.28,0.46,1.13,97.44,0.68,60653
17197,midwest,large_fringe,0.24,2.34,10.59,85.86,0.97,502266
17199,midwest,nonmetro,0.27,0.55,2.53,95.8,0.85,61296
17201,midwest,medium_small_metro,0.32,1.83,10.65,86.0,1.21,278418
17203,midwest,medium_small_metro,0.17,0.33,0.26,98.71,0.52,35469
18001,midwest,nonmetro,0.17,0.24,0.15,99.02,0.42,33625
18003,midwest,medium_small_metro,0.37,1.51,11.49,85.32,1.3,331849
18005,midwest,medium_small_metro,0.15,1.98,1.89,95.27,0.72,71435
18007,midwest,medium_small_metro,0.14,0.08,0.21,98.44,1.13,9421
18009,midwest,nonmetro,0.34,0.16,0.17,98.58,0.75,14048
18011,midwest,large_fringe,0.26,0.47,0.38,98.39,0.49,46107
18013,midwest,large_fringe,0.22,0.23,0.22,98.61,0.72,14957
18015,midwest,medium_small_metro,0.16,0.07,0.2,99.24,0.33,20165
18017,midwest,nonmetro,0.37,0.62,1.34,96.99,0.67,40930
18019,midwest,large_fringe,0.26,0.67,6.7,91.18,1.18,96472
18021,midwest,medium_small_metro,0.26,0.13,0.36,98.64,0.61,26556
18023,midwest,nonmetro,0.14,0.28,0.4,98.76,0.41,33866
18025,midwest,nonmetro,0.4,0.28,0.16,98.79,0.37,10743
18027,midwest,nonmetro,0.23,0.28,0.49,98.55,0.45,29820
18029,midwest,large_fringe,0.16,0.29,0.65,98.29,0.61,46109
18031,midwest,nonmetro,0.11,0.73,0.06,98.69,0.41,24555
18033,midwest,nonmetro,0.22,0.39,0.25,98.55,0.59,40285
18035,midwest,medium_small_metro,0.24,0.75,6.8,91.23,0.98,118769
18037,midwest,nonmetro,0.12,0.25,0.14,99.17,0.32,39674
18039,midwest,medium_small_metro,0.29,1.08,5.33,92.14,1.15,182791
18041,midwest,nonmetro,0.09,0.3,1.7,97.31,0.61,25588
18043,midwest,large_fringe,0.22,0.53,4.46,93.8,0.99,70823
18045,midwest,nonmetro,0.2,0.19,0.11,99.08,0.42,17954
18047,midwest,large_fringe,0.16,0.24,0.03,99.16,0.41,22151
18049,midwest,nonmetro,0.38,0.41,0.78,97.68,0.75,20511
18051,midwest,medium_small_metro,0.19,0.53,1.94,96.74,0.61,32500
18053,midwest,nonmetro,0.45,0.61,7.26,90.47,1.21,73403
18055,midwest,medium_small_metro,0.34,0.23,0.08,98.82,0.53,33157
18057,midwest,large_fringe,0.17,2.51,1.57,95.01,0.73,182740
18059,midwest,large_fringe,0.17,0.42,0.13,98.73,0.55,55391
18061,midwest,large_fringe,0.29,0.23,0.38,98.58,0.53,34325
18063,midwest,large_fringe,0.26,0.71,1.16,97.15,0.72,104093
18065,midwest,nonmetro,0.16,0.22,0.88,98.28,0.46,48508
18067,midwest,medium_small_metro,0.37,1.05,6.61,90.76,1.22,84964
18069,midwest,nonmetro,0.42,0.34,0.19,98.54,0.51,38075
18071,midwest,nonmetro,0.24,0.85,0.58,97.78,0.53,41335
18073,midwest,large_fringe,0.18,0.19,0.36,98.75,0.52,30043
18075,midwest,nonmetro,0.17,0.39,0.26,98.7,0.48,21806
18077,midwest,nonmetro,0.24,0.62,1.5,96.69,0.95,31705
18079,midwest,nonmetro,0.22,0.28,0.77,98.05,0.68,27554
18081,midwest,large_fringe,0.19,0.88,0.82,97.58,0.53,115209
18083,midwest,nonmetro,0.22,0.57,1.91,96.74,0.57,39256
18085,midwest,nonmetro,0.26,0.6,0.62,97.92,0.6,74057
18087,midwest,nonmetro,0.15,0.28,0.21,98.79,0.57,34909
18089,midwest,large_fringe,0.31,0.92,25.65,72.23,0.89,484564
18091,midwest,medium_small_metro,0.32,0.52,10.26,87.77,1.13,110106
18093,midwest,nonmetro,0.29,0.31,0.39,98.36,0.65,45922
18095,midwest,medium_small_metro,0.24,0.38,7.93,90.58,0.87,133358
18097,midwest,large_central,0.27,1.54,24.38,72.55,1.26,860454
18099,midwest,nonmetro,0.33,0.38,0.32,98.34,0.63,45128
18101,midwest,nonmetro,0.12,0.17,0.17,99.05,0.49,10369
18103,midwest,nonmetro,1.1,0.37,3.08,94.23,1.22,36082
18105,midwest,medium_small_metro,0.27,3.51,3.08,91.85,1.28,120563
18107,midwest,nonmetro,0.19,0.47,0.81,97.9,0.62,37629
18109,midwest,large_fringe,0.23,0.27,0.08,98.83,0.6,66689
18111,midwest,large_fringe,0.33,0.3,0.19,98.61,0.57,14566
18113,midwest,nonmetro,0.26,0.41,0.42,98.34,0.57,46275
18115,midwest,large_fringe,0.12,0.16,0.48,98.77,0.46,5623
18117,midwest,nonmetro,0.32,0.2,0.66,98.23,0.59,19306
18119,midwest,medium_small_metro,0.39,0.19,0.25,98.48,0.69,21786
18121,midwest,nonmetro,0.26,0.21,2.15,96.71,0.67,17241
18123,midwest,nonmetro,0.19,0.16,1.49,97.77,0.39,18899
18125,midwest,nonmetro,0.12,0.18,0.1,99.25,0.34,12837
18127,midwest,large_fringe,0.24,0.98,0.96,97.0,0.82,146798
18129,midwest,medium_small_metro,0.27,0.16,0.88,98.18,0.52,27061
18131,midwest,nonmetro,0.22,0.25,0.95,98.02,0.56,13755
18133,midwest,large_fringe,0.35,0.57,2.97,95.37,0.75,36019
18135,midwest,nonmetro,0.18,0.19,0.27,98.7,0.65,27401
18137,midwest,nonmetro,0.35,0.36,0.05,98.87,0.37,26523
18139,midwest,nonmetro,0.16,0.49,0.6,98.06,0.7,18261
18141,midwest,medium_small_metro,0.37,1.47,11.61,85.11,1.43,265559
18143,midwest,nonmetro,0.17,0.2,0.05,99.14,0.44,22960
18145,midwest,large_fringe,0.23,0.62,0.78,97.8,0.56,43445
18147,midwest,nonmetro,0.24,0.22,0.6,98.51,0.44,20391
18149,midwest,nonmetro,0.25,0.25,0.24,98.52,0.74,23556
18151,midwest,nonmetro,0.34,0.44,0.41,98.26,0.56,33214
18153,midwest,medium_small_metro,0.31,0.18,4.31,94.5,0.7,21751
18155,midwest,nonmetro,0.15,0.1,0.23,99.13,0.39,9065
18157,midwest,medium_small_metro,0.3,4.6,2.58,91.6,0.92,148955
18159,midwest,medium_small_metro,0.25,0.32,0.14,98.85,0.43,16577
18161,midwest,nonmetro,0.27,0.24,0.23,98.91,0.34,7349
18163,midwest,medium_small_metro,0.19,0.82,8.26,89.74,1.0,171922
18165,midwest,medium_small_metro,0.26,0.15,0.27,98.64,0.69,16788
18167,midwest,medium_small_metro,0.29,1.29,6.11,91.16,1.15,105848
18169,midwest,nonmetro,0.66,0.45,0.42,97.9,0.58,34960
18171,midwest,nonmetro,0.14,0.2,0.08,99.23,0.34,8419
18173,midwest,medium_small_metro,0.15,0.69,1.01,97.68,0.47,52383
18175,midwest,large_fringe,0.13,0.17,0.13,99.04,0.53,27223
18177,midwest,nonmetro,0.2,0.57,5.2,92.79,1.24,71097
18179,midwest,medium_small_metro,0.19,0.24,0.16,98.8,0.6,27600
18181,midwest,nonmetro,0.26,0.31,0.18,98.71,0.54,25267
18183,midwest,medium_small_metro,0.36,0.23,0.19,98.73,0.49,30707
19001,midwest,nonmetro,0.07,0.24,0.07,99.27,0.34,8243
19003,midwest,nonmetro,0.45,0.18,0.07,99.13,0.18,4482
19005,midwest,nonmetro,0.23,0.28,0.14,98.82,0.52,14675
19007,midwest,nonmetro,0.17,0.27,0.45,98.47,0.64,13721
19009,midwest,nonmetro,0.09,0.19,0.15,99.21,0.37,6830
19011,midwest,medium_small_metro,0.15,0.19,0.2,99.0,0.47,25308
19013,midwest,medium_small_metro,0.18,1.06,8.03,89.73,0.99,128012
19015,midwest,nonmetro,0.2,0.22,0.4,98.83,0.35,26224
19017,midwest,medium_small_metro,0.07,0.54,0.48,98.44,0.46,23325
19019,midwest,nonmetro,0.22,0.42,0.28,98.64,0.44,21093
19021,midwest,nonmetro,0.18,4.49,0.48,94.27,0.58,20411
19023,midwest,nonmetro,0.06,0.24,0.08,99.16,0.46,15305
19025,midwest,nonmetro,0.2,0.21,0.74,98.45,0.4,11115
19027,midwest,nonmetro,0.11,0.35,0.18,99.12,0.25,21421
19029,midwest,nonmetro,0.12,0.18,0.22,99.15,0.33,14684
19031,midwest,nonmetro,0.19,0.33,0.19,98.83,0.46,18187
19033,midwest,nonmetro,0.18,0.74,0.82,97.53,0.73,46447
19035,midwest,nonmetro,0.16,0.43,0.31,98.75,0.35,13035
19037,midwest,nonmetro,0.03,0.28,0.05,99.15,0.48,13095
19039,midwest,nonmetro,0.34,0.39,0.11,98.71,0.45,9133
19041,midwest,nonmetro,0.1,0.86,0.17,98.45,0.43,17372
19043,midwest,nonmetro,0.24,0.11,0.16,99.16,0.34,18678
19045,midwest,nonmetro,0.25,0.59,1.9,96.36,0.89,50149
19047,midwest,nonmetro,0.35,0.53,0.8,97.9,0.42,16942
19049,midwest,medium_small_metro,0.17,0.82,0.81,97.65,0.55,40750
19051,midwest,nonmetro,0.21,0.25,0.18,98.65,0.71,8541
19053,midwest,nonmetro,0.24,0.82,0.99,97.0,0.96,8689
19055,midwest,nonmetro,0.1,0.15,0.07,99.42,0.26,18404
19057,midwest,nonmetro,0.26,0.65,3.62,94.5,0.98,42351
19059,midwest,nonmetro,0.21,0.21,0.18,99.06,0.34,16424
19061,midwest,medium_small_metro,0.15,0.69,0.87,97.69,0.59,89143
19063,midwest,nonmetro,0.34,0.31,0.24,98.68,0.43,11027
19065,midwest,nonmetro,0.14,0.44,0.55,98.37,0.5,22008
19067,midwest,nonmetro,0.1,0.56,0.24,98.6,0.5,16900
19069,midwest,nonmetro,0.23,0.29,0.1,99.12,0.25,10704
19071,midwest,nonmetro,0.24,0.25,0.04,99.03,0.45,8010
19073,midwest,nonmetro,0.18,0.25,0.16,98.99,0.41,10366
19075,midwest,medium_small_metro,0.02,0.29,0.09,99.22,0.38,12369
19077,midwest,medium_small_metro,0.05,0.18,0.13,99.1,0.53,11353
19079,midwest,nonmetro,0.23,1.53,0.26,97.49,0.49,16438
19081,midwest,nonmetro,0.1,0.36,0.09,99.14,0.31,12100
19083,midwest,nonmetro,0.13,0.4,0.62,98.53,0.32,18812
19085,midwest,medium_small_metro,0.22,0.2,0.09,98.92,0.57,15666
19087,midwest,nonmetro,0.24,2.03,1.52,95.36,0.85,20336
19089,midwest,nonmetro,0.15,0.17,0.13,99.19,0.35,9932
19091,midwest,nonmetro,0.06,0.39,0.11,99.16,0.29,10381
19093,midwest,nonmetro,0.06,0.26,0.1,99.22,0.36,7837
19095,midwest,nonmetro,0.09,0.33,0.2,99.14,0.24,15671
19097,midwest,nonmetro,0.12,0.22,0.1,99.15,0.41,20296
19099,midwest,nonmetro,0.23,0.54,0.85,97.89,0.49,37213
19101,midwest,nonmetro,0.17,1.8,0.7,96.68,0.65,16181
19103,midwest,medium_small_metro,0.3,4.26,3.01,91.33,1.11,111006
19105,midwest,medium_small_metro,0.32,0.22,1.84,97.06,0.55,20221
19107,midwest,nonmetro,0.11,0.27,0.08,99.28,0.25,11400
19109,midwest,nonmetro,0.15,0.36,0.11,99.09,0.3,17163
19111,midwest,nonmetro,0.26,0.47,2.87,95.39,1.01,38052
19113,midwest,medium_small_metro,0.23,1.47,2.62,94.5,1.18,191701
19115,midwest,nonmetro,0.18,0.28,0.3,98.83,0.41,12183
19117,midwest,nonmetro,0.11,0.32,0.13,99.18,0.27,9422
19119,midwest,nonmetro,0.15,0.17,0.09,99.25,0.33,11763
19121,midwest,medium_small_metro,0.3,0.22,0.09,98.84,0.55,14019
19123,midwest,nonmetro,0.2,0.9,0.64,97.59,0.67,22335
19125,midwest,nonmetro,0.19,1.09,0.42,97.78,0.52,32052
19127,midwest,nonmetro,0.4,0.93,1.04,96.89,0.73,39311
19129,midwest,medium_small_metro,0.27,0.31,0.28,98.49,0.65,14547
19131,midwest,nonmetro,0.07,0.2,0.17,99.42,0.13,10874
19133,midwest,nonmetro,0.76,0.16,0.08,98.55,0.45,10020
19135,midwest,nonmetro,0.36,0.4,0.2,98.55,0.49,8016
19137,midwest,nonmetro,0.35,0.26,0.08,98.94,0.37,11771
19139,midwest,nonmetro,0.36,0.89,0.78,97.35,0.62,41722
19141,midwest,nonmetro,0.21,0.58,0.37,98.53,0.32,15102
19143,midwest,nonmetro,0.26,0.23,0.11,99.1,0.3,7003
19145,midwest,nonmetro,0.49,0.52,1.68,96.75,0.56,16976
19147,midwest,nonmetro,0.2,0.34,0.1,98.9,0.46,10147
19149,midwest,nonmetro,0.16,0.35,0.29,98.78,0.42,24849
19151,midwest,nonmetro,0.18,0.21,0.24,98.94,0.43,8662
19153,midwest,medium_small_metro,0.29,2.79,4.96,90.9,1.06,374601
19155,midwest,medium_small_metro,0.39,0.54,0.81,97.46,0.8,87704
19157,midwest,nonmetro,0.24,1.14,0.56,97.32,0.73,18815
19159,midwest,nonmetro,0.22,0.16,0.11,99.23,0.27,5469
19161,midwest,nonmetro,0.09,0.16,0.29,99.0,0.46,11529
19163,midwest,medium_small_metro,0.34,1.64,6.22,90.44,1.36,158668
19165,midwest,nonmetro,0.29,0.3,0.11,98.91,0.4,13173
19167,midwest,nonmetro,0.15,0.67,0.21,98.64,0.34,31589
19169,midwest,medium_small_metro,0.16,5.23,1.89,91.88,0.83,79981
19171,midwest,nonmetro,6.22,0.2,0.31,92.39,0.88,18103
19173,midwest,nonmetro,0.1,0.37,0.03,99.2,0.3,6958
19175,midwest,nonmetro,0.17,0.25,0.26,98.86,0.45,12309
19177,midwest,nonmetro,0.19,0.35,0.06,98.82,0.58,7809
19179,midwest,nonmetro,0.29,0.71,0.95,97.43,0.62,36051
19181,midwest,medium_small_metro,0.19,0.45,0.27,98.52,0.58,40671
19183,midwest,medium_small_metro,0.23,0.3,0.3,98.68,0.49,20670
19185,midwest,nonmetro,0.12,0.31,0.06,98.96,0.55,6730
19187,midwest,nonmetro,0.32,0.7,3.45,94.64,0.89,40235
19189,midwest,nonmetro,0.23,0.73,0.18,98.41,0.45,11723
19191,midwest,nonmetro,0.08,0.84,0.52,98.15,0.42,21310
19193,midwest,medium_small_metro,1.8,2.54,2.09,92.19,1.38,103877
19195,midwest,nonmetro,0.09,0.15,0.32,98.84,0.61,7909
19197,midwest,nonmetro,0.19,0.24,0.17,99.0,0.4,14334
20001,midwest,nonmetro,0.82,0.28,1.66,95.81,1.43,14385
20003,midwest,nonmetro,0.74,0.25,0.32,97.82,0.88,8110
20005,midwest,nonmetro,0.56,0.43,5.35,92.25,1.41,16774
20007,midwest,nonmetro,0.58,0.09,0.38,98.17,0.77,5307
20009,midwest,nonmetro,0.54,0.34,1.19,97.01,0.92,28205
20011,midwest,nonmetro,0.85,0.41,3.1,94.5,1.14,15379
20013,midwest,nonmetro,8.84,0.21,1.62,87.75,1.58,10724
20015,midwest,medium_small_metro,0.92,0.45,1.39,95.8,1.44,59482
20017,midwest,nonmetro,0.56,0.13,1.02,97.56,0.73,3030
20019,midwest,nonmetro,3.58,0.11,0.3,94.2,1.81,4359
20021,midwest,nonmetro,3.48,0.27,0.63,92.86,2.77,22605
20023,midwest,nonmetro,0.09,0.54,0.13,98.99,0.25,3165
20025,midwest,nonmetro,1.13,0.08,0.25,97.91,0.63,2390
20027,midwest,nonmetro,0.41,0.15,0.58,98.1,0.77,8822
20029,midwest,nonmetro,0.25,0.26,0.34,98.57,0.57,10268
20031,midwest,nonmetro,0.54,0.35,0.26,97.68,1.17,8865
20033,midwest,nonmetro,0.25,0.46,0.05,98.63,0.61,1967
20035,midwest,nonmetro,2.0,1.62,2.76,91.77,1.85,36291
20037,midwest,nonmetro,0.96,1.26,1.88,94.53,1.37,38242
20039,midwest,nonmetro,0.09,0.26,0.6,98.44,0.6,3472
20041,midwest,nonmetro,0.5,0.32,0.58,97.47,1.13,19344
20043,midwest,medium_small_metro,1.22,0.25,2.07,95.38,1.07,8249
20045,midwest,medium_small_metro,2.59,3.28,4.33,87.59,2.21,99962
20047,midwest,nonmetro,0.52,0.32,0.32,98.43,0.41,3449
20049,midwest,nonmetro,1.04,0.25,0.21,96.35,2.15,3261
20051,midwest,nonmetro,0.22,0.84,0.68,97.49,0.77,27507
20053,midwest,nonmetro,0.57,0.26,3.62,94.61,0.95,6525
20055,midwest,nonmetro,1.08,3.14,1.41,93.45,0.92,40523
20057,midwest,nonmetro,0.78,2.36,1.86,94.11,0.89,32458
20059,midwest,large_fringe,0.95,0.33,1.21,96.02,1.48,24784
20061,midwest,nonmetro,0.79,3.88,22.93,68.47,3.94,27947
20063,midwest,nonmetro,0.2,0.1,0.1,98.73,0.88,3068
20065,midwest,nonmetro,0.34,0.31,3.22,95.38,0.75,2946
20067,midwest,nonmetro,1.02,0.59,0.3,97.45,0.63,7909
20069,midwest,nonmetro,0.46,0.17,0.19,98.34,0.85,5904
20071,midwest,nonmetro,0.52,0.52,0.2,98.24,0.52,1534
20073,midwest,nonmetro,0.87,0.1,0.18,97.58,1.26,7673
20075,midwest,nonmetro,0.49,0.94,0.56,97.34,0.67,2670
20077,midwest,nonmetro,0.83,0.21,0.23,97.78,0.95,6536
20079,midwest,medium_small_metro,0.56,0.6,1.69,95.81,1.34,32869
20081,midwest,nonmetro,0.58,0.63,0.19,97.63,0.98,4307
20083,midwest,nonmetro,0.24,0.0,0.91,98.13,0.72,2085
20085,midwest,medium_small_metro,6.91,0.21,0.53,90.65,1.7,12657
20087,midwest,medium_small_metro,0.92,0.18,0.39,97.25,1.25,18426
20089,midwest,nonmetro,0.34,0.11,0.03,98.92,0.61,3791
20091,midwest,large_fringe,0.34,2.93,2.68,92.94,1.11,451086
20093,midwest,nonmetro,0.95,0.42,0.57,97.29,0.77,4531
20095,midwest,nonmetro,0.62,0.28,0.21,97.84,1.05,8673
20097,midwest,nonmetro,0.64,0.27,0.21,98.41,0.46,3278
20099,midwest,nonmetro,1.97,0.35,4.77,90.69,2.22,22835
20101,midwest,nonmetro,0.23,0.19,0.0,98.28,1.3,2155
20103,midwest,large_fringe,0.77,1.26,10.63,85.59,1.76,68691
20105,midwest,nonmetro,0.48,0.11,0.14,98.55,0.73,3578
20107,midwest,large_fringe,0.5,0.19,0.63,97.74,0.94,9570
20109,midwest,nonmetro,0.2,0.2,0.59,97.73,1.28,3046
20111,midwest,nonmetro,0.56,2.13,2.37,93.72,1.22,35935
20113,midwest,nonmetro,0.34,0.46,0.83,97.43,0.94,29554
20115,midwest,nonmetro,0.6,0.25,0.48,97.78,0.9,13361
20117,midwest,nonmetro,0.36,0.21,0.23,98.45,0.75,10965
20119,midwest,nonmetro,0.63,0.22,0.41,97.82,0.93,4631
20121,midwest,large_fringe,0.53,0.18,1.55,96.52,1.22,28351
20123,midwest,nonmetro,0.4,0.33,0.52,97.98,0.76,6932
20125,midwest,nonmetro,3.22,0.5,6.12,87.22,2.94,36252
20127,midwest,nonmetro,0.38,0.29,0.34,98.26,0.72,6104
20129,midwest,nonmetro,1.14,1.09,0.2,96.74,0.83,3496
20131,midwest,nonmetro,0.23,0.17,0.49,98.62,0.49,10717
20133,midwest,nonmetro,0.99,0.36,0.89,96.26,1.49,16997
20135,midwest,nonmetro,0.23,0.09,0.06,98.84,0.78,3454
20137,midwest,nonmetro,0.44,0.45,4.05,94.47,0.59,5953
20139,midwest,medium_small_metro,0.65,0.28,0.22,97.87,0.99,16712
20141,midwest,nonmetro,0.25,0.22,0.07,98.97,0.49,4452
20143,midwest,nonmetro,0.37,0.15,0.54,98.1,0.84,6163
20145,midwest,nonmetro,0.97,0.62,5.1,92.41,0.9,7233
20147,midwest,nonmetro,0.3,0.45,0.27,98.42,0.57,6001
20149,midwest,nonmetro,0.62,0.33,0.67,97.16,1.22,18209
20151,midwest,nonmetro,0.35,0.58,1.01,97.18,0.88,9647
20153,midwest,nonmetro,0.3,0.1,0.3,98.65,0.64,2966
20155,midwest,nonmetro,0.62,0.51,2.97,94.65,1.25,64790
20157,midwest,nonmetro,0.22,0.19,0.26,98.94,0.39,5835
20159,midwest,nonmetro,0.63,0.37,1.23,96.83,0.94,10761
20161,midwest,nonmetro,0.64,3.53,7.07,86.94,1.82,62843
20163,midwest,nonmetro,0.44,0.21,1.13,97.64,0.58,5685
20165,midwest,nonmetro,0.45,0.11,0.31,98.62,0.51,3551
20167,midwest,nonmetro,0.56,0.34,0.5,97.87,0.73,7370
20169,midwest,nonmetro,0.54,1.81,3.23,92.75,1.67,53597
20171,midwest,nonmetro,0.72,0.14,0.14,98.54,0.47,5120
20173,midwest,medium_small_metro,1.17,3.53,9.31,84.01,1.98,452869
20175,midwest,nonmetro,1.0,3.32,4.2,90.41,1.06,22510
20177,midwest,medium_small_metro,1.22,1.07,9.27,86.47,1.98,169871
20179,midwest,nonmetro,0.14,0.21,0.14,99.25,0.25,2813
20181,midwest,nonmetro,0.36,0.36,0.38,98.24,0.67,6760
20183,midwest,nonmetro,0.24,0.15,0.15,99.05,0.4,4536
20185,midwest,nonmetro,0.38,0.15,0.15,98.29,1.04,4789
20187,midwest,nonmetro,1.5,0.21,0.62,97.17,0.5,2406
20189,midwest,nonmetro,1.08,0.26,1.06,96.91,0.7,5463
20191,midwest,medium_small_metro,1.07,0.29,0.73,96.4,1.51,25946
20193,midwest,nonmetro,0.34,0.29,0.48,98.17,0.72,8180
20195,midwest,nonmetro,0.39,0.54,0.18,97.95,0.93,3319
20197,midwest,medium_small_metro,0.51,0.23,0.49,97.97,0.8,6885
20199,midwest,nonmetro,0.8,0.23,0.63,97.6,0.74,1749
20201,midwest,nonmetro,0.34,0.05,0.11,99.04,0.46,6483
20203,midwest,nonmetro,0.75,0.08,0.12,98.18,0.87,2531
20205,midwest,nonmetro,0.94,0.3,0.37,97.36,1.04,10332
20207,midwest,nonmetro,0.9,0.05,0.82,97.39,0.84,3788
20209,midwest,large_central,0.82,1.85,28.61,67.04,1.69,157882
21001,south,nonmetro,0.22,0.28,2.57,96.28,0.66,17244
21003,south,nonmetro,0.17,0.13,1.09,98.04,0.57,17800
21005,south,nonmetro,0.12,0.14,2.35,96.74,0.65,19111
21007,south,nonmetro,0.08,0.21,2.88,95.5,1.33,8286
21009,south,nonmetro,0.15,0.44,4.12,94.7,0.6,38033
21011,south,nonmetro,0.28,0.03,1.85,97.21,0.63,11085
21013,south,nonmetro,0.25,0.38,2.44,96.23,0.71,30060
21015,south,large_fringe,0.23,1.35,1.58,96.05,0.79,85991
21017,south,medium_small_metro,0.16,0.15,6.98,91.85,0.85,19360
21019,south,medium_small_metro,0.16,0.32,2.58,96.16,0.77,49752
21021,south,nonmetro,0.21,0.64,9.78,88.4,0.97,27697
21023,south,large_fringe,0.25,0.1,0.62,98.73,0.3,8279
21025,south,nonmetro,0.09,0.32,0.4,98.79,0.4,16100
21027,south,nonmetro,0.23,0.1,2.87,95.99,0.8,18648
21029,south,large_fringe,0.34,0.3,0.4,98.29,0.68,61236
21031,south,nonmetro,0.22,0.17,0.52,98.51,0.58,13010
21033,south,nonmetro,0.15,0.22,4.82,94.34,0.47,13060
21035,south,nonmetro,0.2,1.4,3.61,94.08,0.71,34177
21037,south,large_fringe,0.17,0.58,1.6,97.02,0.63,88616
21039,south,nonmetro,0.41,0.07,0.95,98.0,0.56,5351
21041,south,nonmetro,0.23,0.22,1.94,96.72,0.9,10155
21043,south,nonmetro,0.25,0.11,0.14,99.16,0.34,26889
21045,south,nonmetro,0.28,0.12,0.33,98.79,0.48,15447
21047,south,medium_small_metro,0.56,1.34,24.24,72.16,1.7,72265
21049,south,medium_small_metro,0.17,0.22,4.78,94.24,0.58,33144
21051,south,nonmetro,0.22,0.14,4.84,94.17,0.64,24556
21053,south,nonmetro,0.25,0.16,0.11,99.18,0.3,9634
21055,south,nonmetro,0.16,0.09,0.66,98.39,0.7,9384
21057,south,nonmetro,0.14,0.1,3.41,95.49,0.85,7147
21059,south,medium_small_metro,0.13,0.47,4.4,94.16,0.84,91545
21061,south,medium_small_metro,0.44,0.07,0.58,98.49,0.43,11644
21063,south,nonmetro,0.07,0.01,0.03,99.14,0.74,6748
21065,south,nonmetro,0.24,0.03,0.11,99.23,0.39,15307
21067,south,medium_small_metro,0.21,2.55,13.6,82.5,1.14,260512
21069,south,nonmetro,0.14,0.17,1.46,97.61,0.62,13792
21071,south,nonmetro,0.12,0.34,1.3,97.86,0.38,42441
21073,south,nonmetro,0.14,0.77,9.45,88.55,1.09,47687
21075,south,nonmetro,0.12,0.31,23.25,75.59,0.74,7752
21077,south,large_fringe,0.18,0.27,1.59,97.18,0.79,7870
21079,south,nonmetro,0.14,0.04,3.1,96.22,0.49,14792
21081,south,large_fringe,0.23,0.43,0.25,98.66,0.43,22384
21083,south,nonmetro,0.27,0.23,4.49,94.14,0.86,37028
21085,south,nonmetro,0.17,0.17,0.5,98.52,0.64,24053
21087,south,nonmetro,0.1,0.13,2.64,96.52,0.61,11518
21089,south,medium_small_metro,0.19,0.39,0.58,98.27,0.57,36891
21091,south,medium_small_metro,0.29,0.17,0.85,98.18,0.52,8392
21093,south,medium_small_metro,0.43,2.09,12.12,83.5,1.85,94174
21095,south,nonmetro,0.48,0.32,2.63,95.76,0.81,33202
21097,south,nonmetro,0.28,0.16,2.54,96.38,0.65,17983
21099,south,nonmetro,0.22,0.15,6.2,92.78,0.65,17445
21101,south,medium_small_metro,0.16,0.36,7.15,91.61,0.72,44829
21103,south,large_fringe,0.25,0.37,3.35,95.34,0.69,15060
21105,south,nonmetro,0.29,0.06,9.92,88.64,1.1,5262
21107,south,nonmetro,0.2,0.37,6.24,92.43,0.76,46519
21109,south,nonmetro,0.19,0.02,0.05,99.27,0.46,13495
21111,south,large_central,0.23,1.47,19.04,78.2,1.06,693604
21113,south,medium_small_metro,0.21,0.61,3.16,95.11,0.92,39041
21115,south,nonmetro,0.13,0.31,0.25,98.76,0.55,23445
21117,south,large_fringe,0.15,0.63,3.89,94.45,0.87,151464
21119,south,nonmetro,0.12,0.16,0.75,98.43,0.53,17649
21121,south,nonmetro,0.25,0.19,0.84,97.98,0.74,31795
21123,south,medium_small_metro,0.19,0.19,3.56,95.06,1.0,13373
21125,south,nonmetro,0.37,0.37,0.63,97.8,0.83,52715
21127,south,nonmetro,0.28,0.08,0.1,99.09,0.46,15569
21129,south,nonmetro,0.28,0.11,3.79,95.19,0.63,7916
21131,south,nonmetro,0.09,0.16,0.08,99.26,0.41,12401
21133,south,nonmetro,0.1,0.3,0.51,98.77,0.33,25277
21135,south,nonmetro,0.21,0.03,0.21,99.06,0.49,14092
21137,south,nonmetro,0.15,0.1,2.58,96.59,0.58,23361
21139,south,nonmetro,0.42,0.05,0.14,98.87,0.52,9804
21141,south,nonmetro,0.21,0.19,7.64,91.07,0.89,26573
21143,south,nonmetro,0.3,0.2,6.76,92.26,0.48,8080
21145,south,nonmetro,0.22,0.58,10.9,87.24,1.07,65514
21147,south,nonmetro,0.45,0.04,0.66,98.17,0.68,17080
21149,south,medium_small_metro,0.16,0.05,0.36,98.96,0.46,9938
21151,south,nonmetro,0.28,0.77,4.51,93.4,1.03,70872
21153,south,nonmetro,0.2,0.08,0.15,99.37,0.21,13332
21155,south,nonmetro,0.09,0.52,9.15,89.53,0.71,18212
21157,south,nonmetro,0.17,0.16,0.12,98.84,0.7,30125
21159,south,nonmetro,0.06,0.14,0.03,99.28,0.5,12578
21161,south,nonmetro,0.15,0.39,7.27,91.43,0.76,16800
21163,south,large_fringe,0.6,0.74,4.27,93.29,1.11,26349
21165,south,nonmetro,0.12,0.05,1.39,97.79,0.66,6556
21167,south,nonmetro,0.21,0.5,3.76,94.71,0.82,20817
21169,south,nonmetro,0.25,0.07,1.64,97.49,0.55,10037
21171,south,nonmetro,0.13,0.03,2.77,96.56,0.5,11756
21173,south,nonmetro,0.16,0.14,3.51,95.47,0.72,22554
21175,south,nonmetro,0.16,0.19,4.42,94.7,0.54,13948
21177,south,nonmetro,0.13,0.14,4.67,94.43,0.63,31839
21179,south,large_fringe,0.13,0.54,5.54,93.25,0.53,37477
21181,south,nonmetro,0.25,0.12,0.91,98.49,0.23,6813
21183,south,nonmetro,0.19,0.24,0.76,98.26,0.55,22916
21185,south,large_fringe,0.23,0.47,4.24,94.24,0.82,46178
21187,south,nonmetro,0.27,0.27,1.15,97.58,0.73,10547
21189,south,nonmetro,0.06,0.06,0.1,99.4,0.37,4858
21191,south,large_fringe,0.19,0.12,0.49,98.81,0.38,14390
21193,south,nonmetro,0.05,0.5,1.65,97.39,0.4,29390
21195,south,nonmetro,0.11,0.46,0.46,98.52,0.45,68736
21197,south,nonmetro,0.12,0.05,0.62,98.65,0.56,13237
21199,south,nonmetro,0.22,0.39,1.09,97.71,0.59,56217
21201,south,nonmetro,0.04,0.49,0.04,98.98,0.44,2266
21203,south,nonmetro,0.24,0.13,0.14,98.88,0.6,16582
21205,south,nonmetro,0.21,0.97,1.59,96.41,0.82,22094
21207,south,nonmetro,0.13,0.16,0.61,98.59,0.51,16315
21209,south,medium_small_metro,0.26,0.52,5.39,92.98,0.84,33061
21211,south,large_fringe,0.31,0.54,8.94,89.24,0.97,33337
21213,south,nonmetro,0.17,0.65,10.24,88.2,0.74,16405
21215,south,large_fringe,0.23,0.08,1.14,97.78,0.76,11766
21217,south,nonmetro,0.12,0.21,5.1,93.99,0.58,22927
21219,south,nonmetro,0.16,0.22,8.82,90.29,0.51,11971
21221,south,medium_small_metro,0.21,0.29,9.86,88.7,0.94,12597
21223,south,large_fringe,0.37,0.1,0.3,98.62,0.62,8125
21225,south,nonmetro,0.2,0.21,13.13,85.45,1.0,15637
21227,south,medium_small_metro,0.25,1.49,8.65,88.62,0.99,92522
21229,south,nonmetro,0.16,0.3,7.56,91.25,0.73,10916
21231,south,nonmetro,0.22,0.11,1.5,97.47,0.71,19923
21233,south,medium_small_metro,0.12,0.16,4.7,94.45,0.57,14120
21235,south,nonmetro,0.23,0.23,0.36,98.48,0.69,35865
21237,south,nonmetro,0.08,0.06,0.24,99.29,0.33,7065
21239,south,medium_small_metro,0.14,0.33,5.44,93.26,0.83,23208
22001,south,nonmetro,0.2,0.16,18.29,80.99,0.36,58861
22003,south,nonmetro,1.74,0.61,24.69,72.21,0.75,25440
22005,south,medium_small_metro,0.29,0.39,20.35,78.55,0.43,76627
22007,south,nonmetro,0.31,0.26,31.54,67.52,0.38,23388
22009,south,nonmetro,1.02,0.18,29.57,68.72,0.51,41481
22011,south,nonmetro,0.67,0.67,12.98,84.69,0.99,32986
22013,south,nonmetro,0.29,0.15,43.84,55.26,0.46,15752
22015,south,medium_small_metro,0.53,1.4,20.92,75.86,1.3,98310
22017,south,medium_small_metro,0.4,0.74,44.72,53.42,0.72,252161
22019,south,medium_small_metro,0.32,0.69,24.1,74.12,0.77,183577
22021,south,nonmetro,0.45,0.14,17.91,80.98,0.52,10560
22023,south,medium_small_metro,0.37,0.47,3.91,94.77,0.48,9991
22025,south,nonmetro,0.19,0.13,27.15,71.98,0.55,10920
22027,south,nonmetro,0.14,0.13,47.4,51.87,0.46,16851
22029,south,nonmetro,0.16,0.24,37.89,61.18,0.52,20247
22031,south,medium_small_metro,0.53,0.18,42.21,56.5,0.58,25494
22033,south,medium_small_metro,0.21,2.14,40.19,56.82,0.63,412852
22035,south,nonmetro,0.18,0.33,67.33,31.9,0.27,9421
22037,south,medium_small_metro,0.16,0.26,47.13,51.98,0.47,21360
22039,south,nonmetro,0.24,0.17,28.61,70.63,0.35,35434
22041,south,nonmetro,0.27,0.23,31.63,67.36,0.52,21263
22043,south,medium_small_metro,0.89,0.21,11.92,85.85,1.13,18698
22045,south,nonmetro,0.33,2.05,30.96,65.87,0.78,73266
22047,south,medium_small_metro,0.18,0.28,49.76,49.42,0.36,33320
22049,south,nonmetro,0.29,0.22,27.88,71.31,0.31,15397
22051,south,large_fringe,0.47,3.22,23.04,72.39,0.87,455466
22053,south,nonmetro,0.39,0.22,17.8,80.95,0.64,31435
22055,south,medium_small_metro,0.29,1.13,23.89,74.06,0.63,190503
22057,south,medium_small_metro,2.33,0.7,12.63,83.52,0.81,89974
22059,south,nonmetro,0.64,0.18,12.2,86.4,0.57,14282
22061,south,nonmetro,0.18,1.33,39.97,58.03,0.49,42509
22063,south,medium_small_metro,0.37,0.2,4.22,94.67,0.54,91814
22065,south,nonmetro,0.15,0.76,60.36,38.35,0.37,13728
22067,south,nonmetro,0.13,0.2,43.39,55.91,0.37,31021
22069,south,nonmetro,1.12,0.48,38.78,58.84,0.78,39080
22071,south,large_central,0.22,2.33,67.68,29.0,0.78,484674
22073,south,medium_small_metro,0.23,0.68,33.68,64.91,0.5,147250
22075,south,large_fringe,2.15,2.76,23.51,70.56,1.01,26757
22077,south,medium_small_metro,0.17,0.25,37.89,61.25,0.43,22763
22079,south,medium_small_metro,0.75,0.93,30.52,67.05,0.76,126337
22081,south,nonmetro,0.32,0.11,40.95,58.1,0.52,9622
22083,south,nonmetro,0.13,0.19,38.03,61.24,0.41,20981
22085,south,nonmetro,7.82,0.2,16.89,73.1,1.99,23459
22087,south,large_fringe,0.5,1.41,7.65,89.41,1.03,67229
22089,south,large_fringe,0.26,0.61,25.3,73.18,0.66,48072
22091,south,medium_small_metro,0.1,0.11,52.43,46.85,0.51,10525
22093,south,nonmetro,0.09,0.05,49.45,50.1,0.32,21216
22095,south,large_fringe,0.26,0.61,44.94,53.62,0.57,43044
22097,south,nonmetro,0.15,0.22,42.28,56.84,0.51,87700
22099,south,medium_small_metro,0.29,0.94,32.09,66.2,0.48,48583
22101,south,nonmetro,1.4,1.67,31.87,64.19,0.87,53500
22103,south,large_fringe,0.45,0.8,10.01,87.81,0.92,191268
22105,south,nonmetro,0.25,0.42,28.4,70.38,0.55,100588
22107,south,nonmetro,0.05,0.18,55.47,43.73,0.57,6618
22109,south,medium_small_metro,5.35,0.86,17.84,74.77,1.18,104503
22111,south,medium_small_metro,0.2,0.32,28.08,71.01,0.39,22803
22113,south,nonmetro,0.3,1.83,14.21,83.03,0.62,53807
22115,south,nonmetro,1.5,2.06,17.44,76.42,2.57,52531
22117,south,nonmetro,0.23,0.17,31.59,67.55,0.45,43926
22119,south,nonmetro,0.36,0.25,32.9,65.78,0.72,41831
22121,south,medium_small_metro,0.21,0.23,35.61,63.36,0.59,21601
22123,south,nonmetro,0.29,0.14,18.88,80.41,0.28,12314
22125,south,medium_small_metro,0.21,0.2,50.52,48.73,0.35,15111
22127,south,nonmetro,0.5,0.22,32.05,66.49,0.74,16894
23001,northeast,medium_small_metro,0.28,0.61,0.68,97.42,1.01,103793
23003,northeast,nonmetro,1.37,0.52,0.39,97.07,0.65,73938
23005,northeast,medium_small_metro,0.29,1.46,1.16,96.18,0.91,265612
23007,northeast,nonmetro,0.38,0.47,0.25,98.19,0.71,29467
23009,northeast,nonmetro,0.37,0.42,0.26,97.95,0.99,51791
23011,northeast,nonmetro,0.41,0.63,0.37,97.74,0.86,117114
23013,northeast,nonmetro,0.22,0.39,0.26,98.46,0.67,39618
23015,northeast,nonmetro,0.26,0.4,0.18,98.62,0.54,33616
23017,northeast,nonmetro,0.28,0.41,0.18,98.43,0.71,54755
23019,northeast,medium_small_metro,1.01,0.77,0.51,96.93,0.79,144919
23021,northeast,nonmetro,0.53,0.32,0.21,98.27,0.67,17235
23023,northeast,medium_small_metro,0.31,0.74,0.97,96.97,1.02,35214
23025,northeast,nonmetro,0.41,0.37,0.25,98.21,0.76,50888
23027,northeast,nonmetro,0.4,0.24,0.21,98.12,1.03,36280
23029,northeast,nonmetro,4.46,0.33,0.27,94.08,0.86,33941
23031,northeast,medium_small_metro,0.24,0.79,0.44,97.81,0.72,186742
24001,south,medium_small_metro,0.17,0.57,5.39,93.23,0.64,74930
24003,south,large_fringe,0.31,2.44,13.72,82.22,1.3,489656
24005,south,large_fringe,0.27,3.3,20.31,75.13,0.99,754292
24009,south,large_fringe,0.3,0.93,13.16,84.44,1.17,74563
24011,south,nonmetro,0.47,0.58,14.99,83.03,0.92,29772
24013,south,large_fringe,0.22,0.8,2.3,96.09,0.59,150897
24015,south,large_fringe,0.34,0.74,3.97,94.08,0.89,85951
24017,south,large_fringe,0.78,1.91,26.27,69.27,1.77,120546
24019,south,nonmetro,0.24,0.69,28.6,69.84,0.63,30674
24021,south,large_fringe,0.22,1.76,6.51,90.34,1.17,195277
24023,south,nonmetro,0.08,0.21,0.43,98.94,0.34,29846
24025,south,large_fringe,0.23,1.62,9.44,87.51,1.2,218590
24027,south,large_fringe,0.24,7.85,14.73,75.51,1.67,247842
24029,south,nonmetro,0.18,0.62,17.54,81.02,0.64,19197
24031,south,large_fringe,0.35,11.65,15.96,70.32,1.71,873341
24033,south,large_fringe,0.4,4.09,63.71,30.26,1.55,801515
24035,south,large_fringe,0.23,0.64,8.84,89.5,0.79,40563
24037,south,nonmetro,0.35,1.93,14.02,82.27,1.44,86211
24039,south,medium_small_metro,0.41,0.53,41.3,56.81,0.95,24747
24041,south,nonmetro,0.2,0.96,15.43,82.76,0.65,33812
24043,south,medium_small_metro,0.19,0.87,7.84,90.23,0.87,131923
24045,south,medium_small_metro,0.23,1.85,23.55,73.42,0.95,84644
24047,south,nonmetro,0.2,0.67,16.76,81.61,0.75,46543
24510,south,large_central,0.34,1.64,64.65,32.38,0.99,651154
25001,northeast,medium_small_metro,0.6,0.7,2.02,95.75,0.93,222230
25003,northeast,medium_small_metro,0.15,1.09,2.07,95.69,1.0,134953
25005,northeast,large_fringe,0.3,1.4,2.8,94.47,1.03,534678
25007,northeast,nonmetro,1.83,0.65,2.57,93.29,1.66,14987
25009,northeast,large_fringe,0.3,2.59,3.95,91.91,1.25,723419
25011,northeast,medium_small_metro,0.31,1.13,0.97,96.31,1.28,71535
25013,northeast,medium_small_metro,0.31,1.58,9.33,87.64,1.15,456228
25015,northeast,medium_small_metro,0.21,3.55,2.19,92.71,1.34,152251
25017,northeast,large_fringe,0.18,6.49,3.77,88.52,1.05,1465396
25019,northeast,nonmetro,0.02,0.8,8.71,89.75,0.72,9520
25021,northeast,large_fringe,0.14,5.62,3.43,90.0,0.81,650308
25023,northeast,large_fringe,0.25,1.07,6.26,91.43,1.0,472822
25025,northeast,large_central,0.47,7.45,25.65,64.97,1.46,689807
25027,northeast,medium_small_metro,0.28,2.79,3.12,92.85,0.96,750963
26001,midwest,nonmetro,0.63,0.19,0.19,98.13,0.86,11719
26003,midwest,nonmetro,3.36,0.39,6.13,88.25,1.88,9862
26005,midwest,nonmetro,0.56,0.64,1.37,96.56,0.86,105665
26007,midwest,nonmetro,0.4,0.33,0.25,98.41,0.61,31314
26009,midwest,nonmetro,1.07,0.26,0.2,97.48,0.99,23110
26011,midwest,nonmetro,0.96,0.31,1.86,95.71,1.16,17269
26013,midwest,nonmetro,12.05,0.31,5.18,79.16,3.3,8746
26015,midwest,medium_small_metro,0.47,0.29,0.25,98.08,0.92,56755
26017,midwest,medium_small_metro,0.57,0.52,1.31,96.44,1.16,110157
26019,midwest,nonmetro,1.59,0.16,0.28,96.96,1.01,15998
26021,midwest,medium_small_metro,0.45,1.24,16.13,80.98,1.2,162453
26023,midwest,nonmetro,0.49,0.5,2.69,95.32,0.99,45787
26025,midwest,medium_small_metro,0.63,1.17,11.01,85.44,1.74,137985
26027,midwest,medium_small_metro,0.85,0.62,6.21,90.53,1.8,51104
26029,midwest,nonmetro,1.58,0.32,0.18,96.8,1.13,26090
26031,midwest,nonmetro,2.57,0.22,0.26,95.07,1.88,26448
26033,midwest,nonmetro,13.34,0.51,5.72,76.4,4.03,38543
26035,midwest,nonmetro,0.73,0.27,0.34,97.77,0.9,31252
26037,midwest,medium_small_metro,0.44,0.57,0.65,97.43,0.91,64753
26039,midwest,nonmetro,0.6,0.29,1.53,96.69,0.9,14273
26041,midwest,nonmetro,2.22,0.35,0.09,96.0,1.34,38520
26043,midwest,nonmetro,0.53,0.45,0.12,98.22,0.68,27472
26045,midwest,medium_small_metro,0.45,1.19,5.37,91.78,1.21,103655
26047,midwest,nonmetro,3.12,0.48,0.48,94.66,1.25,31437
26049,midwest,medium_small_metro,0.57,0.85,20.49,76.33,1.76,436141
26051,midwest,nonmetro,0.56,0.33,0.15,98.12,0.84,26023
26053,midwest,nonmetro,2.2,0.25,1.77,94.71,1.07,17370
26055,midwest,nonmetro,0.93,0.57,0.42,97.16,0.92,77654
26057,midwest,nonmetro,0.56,0.38,3.83,94.2,1.03,42285
26059,midwest,nonmetro,0.36,0.35,0.45,98.09,0.75,46527
26061,midwest,nonmetro,0.55,1.87,0.97,95.82,0.78,36016
26063,midwest,nonmetro,0.3,0.37,0.2,98.45,0.68,36079
26065,midwest,medium_small_metro,0.58,3.83,11.19,82.3,2.1,279320
26067,midwest,medium_small_metro,0.57,0.35,4.65,93.19,1.24,61518
26069,midwest,nonmetro,0.68,0.55,0.41,97.25,1.11,27339
26071,midwest,nonmetro,1.02,0.2,1.1,96.61,1.07,13138
26073,midwest,nonmetro,2.79,1.5,1.99,92.43,1.29,63351
26075,midwest,medium_small_metro,0.42,0.59,8.0,89.56,1.44,158422
26077,midwest,medium_small_metro,0.43,1.91,9.9,86.04,1.72,238603
26079,midwest,nonmetro,0.78,0.28,0.21,97.77,0.97,16571
26081,midwest,medium_small_metro,0.56,1.98,9.29,86.75,1.43,574335
26083,midwest,nonmetro,0.17,0.13,3.61,95.18,0.91,2301
26085,midwest,nonmetro,1.02,0.19,11.29,85.36,2.14,11333
26087,midwest,large_fringe,0.39,0.42,0.83,97.54,0.82,87904
26089,midwest,nonmetro,3.72,0.29,0.26,94.92,0.8,21119
26091,midwest,nonmetro,0.44,0.49,2.23,95.88,0.96,98890
26093,midwest,large_fringe,0.44,0.63,0.47,97.57,0.9,156951
26095,midwest,nonmetro,5.77,0.41,7.72,83.58,2.52,7024
26097,midwest,nonmetro,14.25,0.33,0.2,80.42,4.8,11943
26099,midwest,large_fringe,0.32,2.22,2.74,93.6,1.11,788149
26101,midwest,nonmetro,1.3,0.37,1.69,95.37,1.27,24527
26103,midwest,nonmetro,1.52,0.52,1.34,95.43,1.19,64634
26105,midwest,nonmetro,0.8,0.3,0.78,96.9,1.23,28274
26107,midwest,nonmetro,0.65,0.93,3.73,93.23,1.46,40553
26109,midwest,nonmetro,2.32,0.22,0.1,96.44,0.92,25326
26111,midwest,nonmetro,0.41,1.54,1.09,96.1,0.86,82874
26113,midwest,nonmetro,0.5,0.25,0.21,98.08,0.96,14478
26115,midwest,medium_small_metro,0.29,0.48,1.94,96.25,1.04,145945
26117,midwest,nonmetro,0.62,0.35,2.2,95.7,1.13,61266
26119,midwest,nonmetro,0.38,0.1,0.24,98.52,0.77,10315
26121,midwest,medium_small_metro,0.85,0.46,14.29,82.79,1.6,170200
26123,midwest,medium_small_metro,0.68,0.34,1.18,96.72,1.08,47874
26125,midwest,large_fringe,0.29,4.23,10.22,84.06,1.2,1194156
26127,midwest,nonmetro,1.14,0.36,0.35,97.16,0.99,26873
26129,midwest,nonmetro,0.6,0.43,0.13,97.7,1.13,21645
26131,midwest,nonmetro,0.96,0.2,0.03,97.66,1.15,7818
26133,midwest,nonmetro,0.5,0.24,0.35,97.84,1.06,23197
26135,midwest,nonmetro,0.72,0.08,0.08,98.15,0.96,9418
26137,midwest,nonmetro,0.64,0.38,0.18,97.77,1.03,23301
26139,midwest,medium_small_metro,0.4,2.2,1.14,95.34,0.92,238314
26141,midwest,nonmetro,0.59,0.17,0.33,98.25,0.66,14411
26143,midwest,nonmetro,0.64,0.24,0.32,98.18,0.62,25469
26145,midwest,medium_small_metro,0.44,0.86,18.91,78.57,1.21,210039
26147,midwest,large_fringe,0.52,0.43,2.15,95.82,1.08,164235
26149,midwest,nonmetro,0.39,0.62,2.63,95.2,1.16,62422
26151,midwest,nonmetro,0.36,0.29,0.28,98.26,0.81,44547
26153,midwest,nonmetro,6.12,0.43,1.67,89.13,2.65,8903
26155,midwest,nonmetro,0.47,0.31,0.21,98.04,0.97,71687
26157,midwest,nonmetro,0.6,0.34,1.08,97.05,0.93,58266
26159,midwest,medium_small_metro,0.97,0.33,5.36,91.76,1.57,76263
26161,midwest,medium_small_metro,0.37,6.46,12.48,78.79,1.9,322895
26163,midwest,large_central,0.39,1.82,42.39,54.09,1.31,2061162
26165,midwest,nonmetro,0.74,0.46,0.2,97.71,0.89,30484
27001,midwest,nonmetro,2.28,0.22,0.27,96.58,0.65,15301
27003,midwest,large_fringe,0.71,1.77,1.66,94.53,1.33,298084
27005,midwest,nonmetro,7.55,0.37,0.19,89.72,2.16,30000
27007,midwest,nonmetro,20.38,0.62,0.36,76.96,1.68,39650
27009,midwest,medium_small_metro,0.52,1.27,0.81,96.63,0.78,34226
27011,midwest,nonmetro,0.52,0.41,0.17,98.61,0.29,5820
27013,midwest,nonmetro,0.29,1.9,1.26,95.83,0.72,55941
27015,midwest,nonmetro,0.12,0.44,0.14,98.86,0.44,26911
27017,midwest,medium_small_metro,5.2,0.38,1.02,92.04,1.37,31671
27019,midwest,large_fringe,0.18,1.63,0.65,96.96,0.58,70205
27021,midwest,nonmetro,11.47,0.31,0.11,86.75,1.36,27150
27023,midwest,nonmetro,1.0,0.37,0.18,97.75,0.71,13088
27025,midwest,large_fringe,0.46,0.77,0.53,97.58,0.67,41101
27027,midwest,medium_small_metro,1.46,0.98,0.55,95.95,1.06,51229
27029,midwest,nonmetro,8.62,0.26,0.19,89.65,1.28,8423
27031,midwest,nonmetro,7.59,0.37,0.29,89.82,1.93,5168
27033,midwest,nonmetro,0.23,2.19,0.34,96.82,0.42,12167
27035,midwest,nonmetro,0.79,0.31,0.32,97.91,0.67,55099
27037,midwest,large_fringe,0.4,3.05,2.38,92.88,1.29,355904
27039,midwest,medium_small_metro,0.17,0.42,0.2,98.67,0.53,17731
27041,midwest,nonmetro,0.24,0.45,0.18,98.72,0.41,32821
27043,midwest,nonmetro,0.21,0.41,0.28,98.59,0.51,16181
27045,midwest,nonmetro,0.1,0.17,0.22,99.13,0.38,21122
27047,midwest,nonmetro,0.22,0.58,0.27,98.43,0.49,32584
27049,midwest,nonmetro,0.99,0.62,0.64,97.16,0.59,44127
27051,midwest,nonmetro,0.27,0.19,0.21,98.73,0.6,6289
27053,midwest,large_central,1.04,5.04,9.38,82.78,1.76,1116200
27055,midwest,medium_small_metro,0.18,0.4,0.31,98.65,0.46,19718
27057,midwest,nonmetro,2.13,0.28,0.17,96.57,0.84,18376
27059,midwest,large_fringe,0.58,0.41,0.27,97.89,0.85,31287
27061,midwest,nonmetro,3.43,0.3,0.17,94.84,1.27,43992
27063,midwest,nonmetro,0.12,1.38,0.09,98.06,0.35,11268
27065,midwest,nonmetro,0.81,0.47,0.19,97.54,0.99,14996
27067,midwest,nonmetro,0.39,0.49,0.69,98.06,0.39,41203
27069,midwest,nonmetro,0.32,0.34,0.15,98.56,0.62,5285
27071,midwest,nonmetro,2.15,0.24,0.2,96.34,1.07,14355
27073,midwest,nonmetro,0.22,0.32,0.16,98.98,0.31,8067
27075,midwest,nonmetro,0.7,0.19,0.1,98.24,0.78,11058
27077,midwest,nonmetro,1.15,0.24,0.29,97.35,0.97,4522
27079,midwest,nonmetro,0.29,0.35,0.17,98.65,0.54,25426
27081,midwest,nonmetro,0.28,0.2,0.05,99.35,0.12,6429
27083,midwest,nonmetro,0.33,1.77,1.68,95.67,0.56,25425
27085,midwest,nonmetro,0.18,0.63,0.24,98.49,0.46,34898
27087,midwest,nonmetro,28.69,0.1,0.13,63.1,7.98,5190
27089,midwest,nonmetro,0.29,0.17,0.1,98.95,0.5,10155
27091,midwest,nonmetro,0.12,0.49,0.26,98.73,0.4,21802
27093,midwest,nonmetro,0.18,0.41,0.2,98.87,0.34,22644
27095,midwest,nonmetro,4.69,0.23,0.28,93.93,0.86,22330
27097,midwest,nonmetro,0.32,0.3,0.22,98.67,0.5,31712
27099,midwest,nonmetro,0.22,1.55,0.58,97.09,0.56,38603
27101,midwest,nonmetro,0.26,0.23,0.14,98.78,0.59,9165
27103,midwest,nonmetro,0.27,1.17,0.87,97.12,0.57,29771
27105,midwest,nonmetro,0.4,4.27,1.18,93.48,0.68,20832
27107,midwest,nonmetro,1.75,0.31,0.2,96.56,1.18,7442
27109,midwest,medium_small_metro,0.27,4.48,2.93,91.39,0.92,124277
27111,midwest,nonmetro,0.51,0.5,0.31,98.14,0.54,57159
27113,midwest,nonmetro,0.82,0.66,0.21,97.62,0.68,13584
27115,midwest,nonmetro,2.7,0.35,1.29,94.82,0.84,26530
27117,midwest,nonmetro,1.58,0.5,0.18,96.91,0.84,9895
27119,midwest,medium_small_metro,1.33,0.37,0.36,96.97,0.97,31369
27121,midwest,nonmetro,0.2,0.17,0.24,99.04,0.35,11236
27123,midwest,large_central,0.87,9.21,7.93,80.13,1.85,511035
27125,midwest,nonmetro,1.84,0.07,0.19,97.56,0.35,4299
27127,midwest,nonmetro,3.28,0.42,0.14,95.47,0.69,16815
27129,midwest,nonmetro,0.51,0.23,0.06,98.72,0.47,17154
27131,midwest,nonmetro,0.45,1.58,1.44,95.69,0.84,56665
27133,midwest,nonmetro,0.45,0.64,0.59,97.91,0.41,9721
27135,midwest,nonmetro,1.42,1.77,0.13,96.03,0.65,16338
27137,midwest,medium_small_metro,2.05,0.71,0.87,95.15,1.22,200528
27139,midwest,large_fringe,0.78,2.27,0.94,95.04,0.97,89498
27141,midwest,large_fringe,0.45,0.63,0.87,97.22,0.83,64417
27143,midwest,nonmetro,0.29,0.35,0.14,98.76,0.46,15356
27145,midwest,medium_small_metro,0.28,1.65,0.86,96.51,0.7,133166
27147,midwest,nonmetro,0.11,0.93,1.46,96.98,0.53,33680
27149,midwest,nonmetro,0.7,0.89,0.95,96.7,0.77,10053
27151,midwest,nonmetro,0.5,3.44,2.73,92.07,1.26,11956
27153,midwest,nonmetro,0.52,0.32,0.11,98.46,0.59,24426
27155,midwest,nonmetro,2.81,0.34,0.02,96.49,0.34,4134
27157,midwest,medium_small_metro,0.28,0.46,0.25,98.67,0.33,21610
27159,midwest,nonmetro,0.59,0.22,0.48,98.18,0.53,13713
27161,midwest,nonmetro,0.6,0.52,2.36,96.05,0.48,19526
27163,midwest,large_fringe,0.41,2.22,1.89,94.42,1.07,201130
27165,midwest,nonmetro,0.31,0.95,0.5,97.77,0.47,11876
27167,midwest,nonmetro,0.42,0.17,0.15,98.4,0.85,7138
27169,midwest,nonmetro,0.19,1.97,0.77,96.48,0.58,49985
27171,midwest,large_fringe,0.3,0.46,0.27,98.3,0.67,89986
27173,midwest,nonmetro,2.05,0.18,0.13,97.1,0.54,11080
28001,south,nonmetro,0.14,0.29,52.81,46.25,0.51,34340
28003,south,nonmetro,0.11,0.31,11.1,87.99,0.49,34558
28005,south,nonmetro,0.15,0.1,42.69,56.65,0.41,13599
28007,south,nonmetro,0.17,0.27,40.01,59.11,0.43,19661
28009,south,nonmetro,0.59,0.07,36.77,62.14,0.44,8026
28011,south,nonmetro,0.1,0.52,65.17,33.82,0.38,40633
28013,south,nonmetro,0.16,0.1,28.74,70.5,0.5,15069
28015,south,nonmetro,0.07,0.18,36.62,62.83,0.31,10769
28017,south,nonmetro,0.19,0.22,41.32,57.91,0.35,19440
28019,south,nonmetro,0.31,0.16,30.74,68.44,0.35,9758
28021,south,nonmetro,0.05,0.15,84.17,15.26,0.37,11831
28023,south,nonmetro,0.11,0.11,34.84,64.68,0.26,17955
28025,south,nonmetro,0.06,0.18,56.34,43.06,0.35,21979
28027,south,nonmetro,0.09,0.51,69.31,29.58,0.52,30622
28029,south,medium_small_metro,0.07,0.22,51.05,48.25,0.41,28757
28031,south,nonmetro,0.13,0.13,35.63,63.6,0.5,19407
28033,south,large_fringe,0.29,0.69,11.42,87.09,0.5,107199
28035,south,medium_small_metro,0.2,0.76,33.62,64.81,0.61,72604
28037,south,nonmetro,0.22,0.07,36.28,62.9,0.52,8448
28039,south,medium_small_metro,0.27,0.16,8.84,90.27,0.45,19144
28041,south,nonmetro,0.23,0.1,26.2,73.13,0.33,13299
28043,south,nonmetro,0.15,0.39,40.95,58.13,0.38,23263
28045,south,medium_small_metro,0.61,0.94,6.85,90.68,0.92,42967
28047,south,medium_small_metro,0.47,2.77,21.27,74.17,1.32,189601
28049,south,medium_small_metro,0.13,0.63,61.21,37.51,0.52,250800
28051,south,nonmetro,0.13,0.15,78.69,20.58,0.44,21609
28053,south,nonmetro,0.1,0.27,71.53,27.85,0.25,11206
28055,south,nonmetro,0.09,0.0,62.84,36.54,0.53,2274
28057,south,nonmetro,0.14,0.19,6.47,92.82,0.38,22770
28059,south,medium_small_metro,0.35,1.65,20.95,76.17,0.87,131420
28061,south,nonmetro,0.07,0.09,52.9,46.58,0.36,18149
28063,south,nonmetro,0.08,0.11,86.49,13.08,0.24,9740
28065,south,nonmetro,0.14,0.19,57.41,41.81,0.46,13962
28067,south,nonmetro,0.41,0.28,26.4,72.53,0.38,64958
28069,south,nonmetro,2.1,0.11,58.17,39.12,0.52,10453
28071,south,nonmetro,0.16,1.81,25.13,72.36,0.54,38744
28073,south,medium_small_metro,0.17,0.68,12.93,85.74,0.49,39070
28075,south,nonmetro,0.18,0.55,38.26,60.51,0.49,78161
28077,south,nonmetro,0.17,0.31,32.14,67.13,0.26,13258
28079,south,nonmetro,4.57,0.23,37.46,57.28,0.45,20940
28081,south,nonmetro,0.15,0.56,24.54,74.16,0.59,75755
28083,south,nonmetro,0.13,0.7,67.9,30.88,0.4,37947
28085,south,nonmetro,0.17,0.26,29.71,69.55,0.3,33166
28087,south,nonmetro,0.17,0.58,41.62,56.93,0.7,61586
28089,south,medium_small_metro,0.11,1.37,37.52,60.62,0.37,74674
28091,south,nonmetro,0.23,0.23,31.96,67.05,0.53,25595
28093,south,large_fringe,0.17,0.13,50.39,48.82,0.49,34993
28095,south,nonmetro,0.1,0.19,30.79,68.51,0.4,38014
28097,south,nonmetro,0.09,0.28,44.99,54.33,0.31,12189
28099,south,nonmetro,13.84,0.23,19.38,65.89,0.66,28684
28101,south,nonmetro,3.68,0.19,30.41,65.37,0.35,21838
28103,south,nonmetro,0.21,0.11,69.36,29.86,0.46,12548
28105,south,nonmetro,0.16,2.63,37.49,59.22,0.49,42902
28107,south,nonmetro,0.16,0.21,48.39,50.92,0.31,34274
28109,south,nonmetro,0.51,0.31,12.23,86.01,0.94,48621
28111,south,medium_small_metro,0.33,0.16,22.62,76.49,0.4,12138
28113,south,nonmetro,0.21,0.35,47.58,51.46,0.41,38940
28115,south,nonmetro,0.3,0.12,14.01,85.18,0.4,26726
28117,south,nonmetro,0.19,0.17,12.96,86.06,0.62,25556
28119,south,nonmetro,0.13,0.18,68.7,30.56,0.43,10117
28121,south,medium_small_metro,0.16,0.7,17.15,81.54,0.45,115327
28123,south,nonmetro,0.32,0.2,39.1,59.85,0.53,28423
28125,south,nonmetro,0.18,0.27,69.42,29.68,0.44,6580
28127,south,medium_small_metro,0.12,0.16,34.36,64.92,0.44,27639
28129,south,nonmetro,0.11,0.14,23.21,76.28,0.27,16182
28131,south,medium_small_metro,0.29,0.19,19.21,79.76,0.54,13622
28133,south,nonmetro,0.12,0.43,69.95,29.32,0.19,34369
28135,south,nonmetro,0.13,0.37,59.45,39.68,0.36,14903
28137,south,large_fringe,0.2,0.14,31.05,68.13,0.48,25370
28139,south,nonmetro,0.22,0.13,15.96,83.16,0.54,20826
28141,south,nonmetro,0.21,0.09,3.15,96.03,0.52,19163
28143,south,large_fringe,0.16,0.51,70.26,28.46,0.61,9227
28145,south,nonmetro,0.16,0.22,14.98,84.16,0.48,25362
28147,south,nonmetro,0.12,0.29,44.19,54.88,0.52,15156
28149,south,nonmetro,0.23,0.66,43.25,55.34,0.51,49644
28151,south,nonmetro,0.1,0.57,64.62,34.3,0.4,62977
28153,south,nonmetro,0.08,0.17,38.02,61.44,0.29,21216
28155,south,nonmetro,0.14,0.18,20.98,78.41,0.28,10294
28157,south,nonmetro,0.1,0.03,68.22,31.31,0.34,10312
28159,south,nonmetro,0.68,0.09,43.25,55.62,0.36,20160
28161,south,nonmetro,0.22,0.17,38.67,60.65,0.29,13051
28163,south,nonmetro,0.2,0.37,53.99,44.98,0.45,28149
29001,midwest,nonmetro,0.26,1.49,1.22,96.32,0.71,24977
29003,midwest,medium_small_metro,0.35,0.24,0.42,98.6,0.4,16492
29005,midwest,nonmetro,0.19,0.14,2.05,97.34,0.28,6430
29007,midwest,nonmetro,0.26,0.39,7.27,91.32,0.75,25853
29009,midwest,nonmetro,0.86,0.3,0.13,97.53,1.17,34010
29011,midwest,nonmetro,0.86,0.38,0.29,97.21,1.26,12541
29013,midwest,large_fringe,0.59,0.16,0.61,97.77,0.86,16653
29015,midwest,nonmetro,0.53,0.16,0.15,98.19,0.98,17180
29017,midwest,nonmetro,0.73,0.27,0.21,97.92,0.87,12029
29019,midwest,medium_small_metro,0.43,3.07,8.65,86.28,1.58,135454
29021,midwest,medium_small_metro,0.43,0.5,4.4,93.56,1.12,85998
29023,midwest,nonmetro,0.56,0.49,5.25,92.58,1.12,40867
29025,midwest,large_fringe,0.33,0.12,0.16,98.8,0.59,8969
29027,midwest,medium_small_metro,0.53,0.55,5.69,92.16,1.06,40766
29029,midwest,nonmetro,0.5,0.33,0.26,97.98,0.92,37051
29031,midwest,nonmetro,0.38,0.8,5.32,92.52,0.98,68693
29033,midwest,nonmetro,0.27,0.14,1.73,97.18,0.68,10285
29035,midwest,nonmetro,1.35,0.13,0.08,96.82,1.62,5941
29037,midwest,large_fringe,0.58,0.53,1.44,96.31,1.14,82092
29039,midwest,nonmetro,0.66,0.52,0.32,97.39,1.11,13733
29041,midwest,nonmetro,0.17,0.13,3.24,96.09,0.38,8438
29043,midwest,medium_small_metro,0.56,0.34,0.27,97.82,1.02,54285
29045,midwest,nonmetro,0.2,0.08,0.08,99.22,0.42,7416
29047,midwest,large_fringe,0.5,1.5,2.73,94.02,1.25,184006
29049,midwest,large_fringe,0.34,0.17,1.54,96.98,0.96,18979
29051,midwest,medium_small_metro,0.34,0.94,10.04,87.66,1.02,71397
29053,midwest,nonmetro,0.37,0.28,9.0,89.34,1.01,16670
29055,midwest,nonmetro,0.43,0.2,0.14,98.46,0.76,22804
29057,midwest,nonmetro,0.71,0.25,0.27,97.72,1.06,7923
29059,midwest,medium_small_metro,0.76,0.11,0.12,97.76,1.25,15661
29061,midwest,nonmetro,0.39,0.26,0.05,98.95,0.35,8016
29063,midwest,medium_small_metro,0.68,0.2,8.89,89.44,0.79,11597
29065,midwest,nonmetro,0.74,0.25,0.4,97.43,1.19,14927
29067,midwest,nonmetro,0.97,0.24,0.11,97.16,1.52,13084
29069,midwest,nonmetro,0.32,0.29,8.7,89.82,0.87,33155
29071,midwest,large_fringe,0.26,0.3,0.95,97.76,0.74,93807
29073,midwest,nonmetro,0.18,0.16,0.13,98.83,0.69,15342
29075,midwest,nonmetro,0.31,0.35,0.13,98.67,0.54,6861
29077,midwest,medium_small_metro,0.67,1.24,2.31,94.38,1.41,240391
29079,midwest,nonmetro,0.36,0.16,0.4,98.31,0.76,10432
29081,midwest,nonmetro,0.25,0.2,0.15,98.59,0.81,8850
29083,midwest,nonmetro,0.71,0.27,1.04,97.08,0.9,21997
29085,midwest,nonmetro,0.67,0.11,0.08,97.89,1.25,8940
29087,midwest,nonmetro,0.47,0.09,0.11,98.58,0.75,5351
29089,midwest,medium_small_metro,0.33,0.2,6.91,91.6,0.96,10212
29091,midwest,nonmetro,0.97,0.42,0.32,96.87,1.42,37238
29093,midwest,nonmetro,0.35,0.1,1.57,97.03,0.95,10697
29095,midwest,large_central,0.51,1.54,23.52,72.86,1.57,654880
29097,midwest,medium_small_metro,1.38,0.79,1.53,94.41,1.9,104686
29099,midwest,large_fringe,0.29,0.39,0.69,97.83,0.79,198099
29101,midwest,nonmetro,0.67,1.67,4.38,91.66,1.62,48258
29103,midwest,nonmetro,0.02,0.09,0.09,98.72,1.08,4361
29105,midwest,nonmetro,0.5,0.35,0.43,97.51,1.22,32513
29107,midwest,large_fringe,0.3,0.28,2.31,96.11,1.01,32960
29109,midwest,nonmetro,0.78,0.27,0.29,97.62,1.03,35204
29111,midwest,nonmetro,0.22,0.24,2.53,96.33,0.68,10494
29113,midwest,large_fringe,0.39,0.21,1.75,96.64,1.01,38944
29115,midwest,nonmetro,0.38,0.15,0.6,98.23,0.65,13754
29117,midwest,nonmetro,0.34,0.3,2.38,96.15,0.84,14558
29119,midwest,medium_small_metro,2.91,0.29,0.22,93.83,2.76,21681
29121,midwest,nonmetro,0.39,0.17,2.28,96.38,0.77,15762
29123,midwest,nonmetro,0.25,0.29,0.13,98.55,0.78,11800
29125,midwest,nonmetro,0.55,0.11,0.34,97.88,1.12,8903
29127,midwest,nonmetro,0.27,0.38,4.65,93.58,1.13,28289
29129,midwest,nonmetro,0.56,0.05,0.19,98.78,0.43,3757
29131,midwest,nonmetro,0.46,0.16,0.28,98.33,0.77,23564
29133,midwest,nonmetro,0.31,0.13,20.58,78.33,0.66,13427
29135,midwest,medium_small_metro,0.4,0.35,3.82,94.41,1.02,14827
29137,midwest,nonmetro,0.42,0.15,3.96,94.77,0.7,9311
29139,midwest,nonmetro,0.25,0.27,2.08,96.33,1.06,12136
29141,midwest,nonmetro,0.63,0.15,0.51,97.81,0.9,19309
29143,midwest,nonmetro,0.19,0.14,15.36,83.57,0.73,19760
29145,midwest,medium_small_metro,2.28,0.63,0.6,94.56,1.92,52636
29147,midwest,nonmetro,0.24,0.9,1.36,96.89,0.61,21912
29149,midwest,nonmetro,2.93,0.15,0.1,94.83,2.0,10344
29151,midwest,medium_small_metro,0.24,0.1,0.16,98.76,0.74,13062
29153,midwest,nonmetro,0.66,0.09,0.15,97.89,1.21,9542
29155,midwest,nonmetro,0.25,0.31,26.27,72.55,0.61,20047
29157,midwest,nonmetro,0.23,0.68,0.18,98.42,0.49,18132
29159,midwest,nonmetro,0.4,0.49,3.12,94.64,1.35,39403
29161,midwest,nonmetro,0.6,2.47,1.54,94.02,1.38,39825
29163,midwest,nonmetro,0.26,0.21,9.22,89.38,0.93,18351
29165,midwest,large_fringe,0.47,1.77,3.61,92.87,1.29,73781
29167,midwest,medium_small_metro,0.69,0.26,0.46,97.71,0.89,26992
29169,midwest,nonmetro,1.03,2.8,12.45,81.21,2.51,41165
29171,midwest,nonmetro,0.1,0.13,0.06,99.31,0.4,5223
29173,midwest,nonmetro,0.2,0.09,1.11,98.02,0.58,9626
29175,midwest,nonmetro,0.49,0.43,7.09,90.87,1.11,24663
29177,midwest,large_fringe,0.38,0.2,1.46,96.94,1.02,23354
29179,midwest,nonmetro,1.29,0.21,0.52,95.92,2.06,6689
29181,midwest,nonmetro,1.33,0.24,0.05,97.36,1.03,13509
29183,midwest,large_fringe,0.24,0.9,2.73,95.24,0.89,283883
29185,midwest,nonmetro,0.76,0.21,0.24,97.77,1.03,9652
29186,midwest,nonmetro,0.3,0.16,0.72,98.29,0.53,17842
29187,midwest,nonmetro,0.36,0.35,2.05,96.46,0.78,55641
29189,midwest,large_central,0.18,2.33,19.12,77.42,0.95,1016315
29195,midwest,nonmetro,0.32,0.61,5.48,92.3,1.29,23756
29197,midwest,nonmetro,0.31,0.19,0.05,98.63,0.82,4170
29199,midwest,nonmetro,0.14,0.1,0.2,99.02,0.54,4983
29201,midwest,nonmetro,0.29,0.24,10.57,88.17,0.73,40422
29203,midwest,nonmetro,1.86,0.1,0.19,95.33,2.52,8324
29205,midwest,nonmetro,0.28,0.12,1.0,98.1,0.5,6799
29207,midwest,nonmetro,0.4,0.12,0.92,97.68,0.89,29705
29209,midwest,nonmetro,0.64,0.24,0.07,97.98,1.07,28658
29211,midwest,nonmetro,0.26,0.25,0.25,98.7,0.54,7219
29213,midwest,nonmetro,0.89,0.42,0.35,97.23,1.11,39703
29215,midwest,nonmetro,0.98,0.37,0.21,96.81,1.62,23003
29217,midwest,nonmetro,0.82,0.36,0.62,97.38,0.82,20454
29219,midwest,large_fringe,0.48,0.27,1.96,96.44,0.85,24525
29221,midwest,large_fringe,0.67,0.16,2.49,95.71,0.96,23344
29223,midwest,nonmetro,0.58,0.16,0.17,97.84,1.25,13259
29225,midwest,medium_small_metro,0.67,0.3,1.22,96.69,1.11,31045
29227,midwest,nonmetro,0.34,0.13,0.17,98.99,0.38,2382
29229,midwest,nonmetro,0.67,0.17,0.3,97.98,0.88,17955
29510,midwest,large_central,0.28,2.06,51.43,44.96,1.26,348189
30001,west,nonmetro,1.46,0.25,0.18,97.12,0.99,9202
30003,west,nonmetro,59.77,0.23,0.05,37.51,2.45,12671
30005,west,nonmetro,45.48,0.16,0.2,52.83,1.33,7009
30007,west,nonmetro,1.19,0.18,0.27,97.42,0.94,4385
30009,west,medium_small_metro,0.68,0.36,0.25,97.9,0.82,9552
30011,west,nonmetro,0.37,0.15,0.07,99.19,0.22,1360
30013,west,medium_small_metro,4.25,0.94,1.16,91.54,2.11,80357
30015,west,nonmetro,14.66,0.35,0.08,84.29,0.62,5970
30017,west,nonmetro,1.27,0.32,0.09,97.48,0.83,11696
30019,west,nonmetro,1.29,0.35,0.15,96.73,1.49,2017
30021,west,nonmetro,1.24,0.14,0.26,97.83,0.53,9059
30023,west,nonmetro,1.77,0.37,0.17,96.23,1.45,9417
30025,west,nonmetro,0.32,0.39,0.14,98.7,0.46,2837
30027,west,nonmetro,1.19,0.24,0.08,97.49,1.0,11893
30029,west,nonmetro,1.16,0.54,0.15,96.82,1.32,74471
30031,west,nonmetro,0.89,1.0,0.24,96.9,0.96,67831
30033,west,nonmetro,0.39,0.16,0.08,99.3,0.08,1279
30035,west,nonmetro,61.83,0.12,0.08,35.74,2.23,13247
30037,west,nonmetro,0.58,0.1,0.0,99.14,0.19,1042
30039,west,nonmetro,1.27,0.18,0.0,96.93,1.63,2830
30041,west,nonmetro,17.32,0.41,0.11,80.18,1.99,16673
30043,west,nonmetro,1.27,0.5,0.15,96.59,1.49,10049
30045,west,nonmetro,0.34,0.09,0.04,98.67,0.86,2329
30047,west,nonmetro,23.9,0.34,0.12,72.52,3.12,26507
30049,west,nonmetro,2.04,0.59,0.21,95.76,1.4,55716
30051,west,nonmetro,0.09,0.32,0.0,99.3,0.28,2158
30053,west,nonmetro,1.21,0.36,0.11,96.69,1.64,18837
30055,west,nonmetro,1.06,0.3,0.3,97.17,1.16,1977
30057,west,nonmetro,0.55,0.26,0.04,97.94,1.2,6851
30059,west,nonmetro,1.04,0.21,0.0,97.93,0.83,1932
30061,west,nonmetro,1.96,0.54,0.23,95.13,2.14,3884
30063,west,medium_small_metro,2.31,1.15,0.28,94.73,1.54,95802
30065,west,nonmetro,1.27,0.22,0.07,97.44,1.0,4497
30067,west,nonmetro,0.94,0.43,0.43,97.25,0.94,15694
30069,west,nonmetro,0.2,0.0,0.0,99.59,0.2,493
30071,west,nonmetro,7.65,0.35,0.15,89.85,2.0,4601
30073,west,nonmetro,14.48,0.19,0.09,83.95,1.29,6424
30075,west,nonmetro,1.78,0.11,0.0,97.69,0.43,1858
30077,west,nonmetro,3.54,0.43,0.52,93.4,2.12,7180
30079,west,nonmetro,0.5,0.17,0.0,98.33,1.0,1199
30081,west,nonmetro,0.92,0.4,0.14,97.37,1.17,36070
30083,west,nonmetro,1.48,0.19,0.09,97.61,0.63,9667
30085,west,nonmetro,55.82,0.48,0.05,41.49,2.17,10620
30087,west,nonmetro,32.48,0.3,0.23,65.16,1.82,9383
30089,west,nonmetro,4.79,0.35,0.13,92.46,2.27,10227
30091,west,nonmetro,1.22,0.32,0.1,97.27,1.1,4105
30093,west,nonmetro,2.05,0.5,0.16,96.06,1.22,34606
30095,west,nonmetro,0.71,0.31,0.2,97.82,0.98,8195
30097,west,nonmetro,0.55,0.39,0.08,97.92,1.05,3609
30099,west,nonmetro,1.6,0.11,0.19,96.85,1.26,6445
30101,west,nonmetro,3.4,0.34,0.15,94.1,2.01,5267
30103,west,nonmetro,1.63,0.35,0.12,97.33,0.58,861
30105,west,nonmetro,9.42,0.26,0.13,88.59,1.6,7675
30107,west,nonmetro,0.58,0.44,0.18,97.57,1.24,2259
30109,west,nonmetro,0.47,0.19,0.19,98.31,0.84,1068
30111,west,medium_small_metro,3.13,0.61,0.48,94.3,1.48,129352
31001,midwest,nonmetro,0.4,1.67,0.7,96.65,0.58,31151
31003,midwest,nonmetro,0.31,0.05,0.05,99.24,0.35,7452
31005,midwest,nonmetro,0.23,0.9,0.0,97.75,1.13,444
31007,midwest,nonmetro,0.24,0.12,0.12,98.9,0.61,819
31009,midwest,nonmetro,0.51,0.0,0.0,98.97,0.51,583
31011,midwest,nonmetro,0.05,0.06,0.05,99.66,0.18,6259
31013,midwest,nonmetro,2.85,0.55,0.39,94.83,1.37,12158
31015,midwest,nonmetro,0.57,0.16,0.0,98.89,0.37,2438
31017,midwest,nonmetro,0.2,0.31,0.03,98.92,0.54,3525
31019,midwest,nonmetro,0.35,0.74,0.58,97.68,0.64,42259
31021,midwest,nonmetro,1.08,0.23,0.18,97.92,0.59,7791
31023,midwest,nonmetro,0.14,0.24,0.14,99.14,0.34,8767
31025,midwest,medium_small_metro,0.3,0.38,0.18,98.44,0.69,24334
31027,midwest,nonmetro,0.2,0.06,0.1,99.31,0.32,9615
31029,midwest,nonmetro,0.1,0.2,0.17,99.31,0.22,4068
31031,midwest,nonmetro,3.25,0.67,0.08,94.65,1.35,6148
31033,midwest,nonmetro,0.69,0.43,0.15,98.26,0.47,9830
31035,midwest,nonmetro,0.34,0.3,0.27,98.85,0.24,7039
31037,midwest,nonmetro,0.34,0.57,0.11,98.52,0.46,10441
31039,midwest,nonmetro,0.29,0.23,0.15,99.06,0.27,10203
31041,midwest,nonmetro,0.41,0.15,0.07,98.94,0.43,11793
31043,midwest,medium_small_metro,2.06,3.32,0.68,92.91,1.03,20253
31045,midwest,nonmetro,2.97,0.36,0.87,94.55,1.25,9060
31047,midwest,nonmetro,0.84,0.78,0.48,97.44,0.46,24365
31049,midwest,nonmetro,0.43,0.38,0.05,98.67,0.48,2098
31051,midwest,medium_small_metro,0.5,0.3,0.03,98.82,0.35,6339
31053,midwest,nonmetro,0.35,0.64,0.48,98.03,0.5,36160
31055,midwest,medium_small_metro,0.65,1.84,11.67,84.6,1.25,463585
31057,midwest,nonmetro,0.79,0.52,0.04,97.91,0.74,2292
31059,midwest,nonmetro,0.6,0.08,0.21,98.55,0.56,6634
31061,midwest,nonmetro,0.28,0.06,0.0,99.36,0.31,3574
31063,midwest,nonmetro,0.26,0.29,0.13,98.68,0.65,3099
31065,midwest,nonmetro,0.41,0.23,0.08,98.7,0.58,5324
31067,midwest,nonmetro,0.58,0.35,0.32,97.99,0.76,22993
31069,midwest,nonmetro,0.26,0.26,0.13,98.87,0.48,2292
31071,midwest,nonmetro,0.21,0.11,0.0,99.21,0.47,1902
31073,midwest,nonmetro,0.14,0.28,0.0,99.35,0.23,2143
31075,midwest,nonmetro,0.13,0.27,0.0,99.6,0.0,747
31077,midwest,nonmetro,0.07,0.07,0.66,98.75,0.44,2714
31079,midwest,nonmetro,0.34,1.32,0.48,97.33,0.53,53534
31081,midwest,nonmetro,0.12,0.24,0.19,99.11,0.34,9403
31083,midwest,nonmetro,0.11,0.11,0.13,99.26,0.4,3786
31085,midwest,nonmetro,0.0001,0.28,0.19,98.97,0.56,1068
31087,midwest,nonmetro,0.29,0.13,0.1,98.78,0.71,3111
31089,midwest,nonmetro,0.32,0.23,0.07,99.12,0.26,11551
31091,midwest,nonmetro,0.38,0.13,0.0,98.85,0.64,783
31093,midwest,nonmetro,0.24,0.12,0.3,99.1,0.23,6567
31095,midwest,nonmetro,0.4,0.24,0.08,98.94,0.34,8333
31097,midwest,nonmetro,0.47,3.34,0.11,95.52,0.56,4488
31099,midwest,nonmetro,0.2,0.26,0.22,98.91,0.41,6882
31101,midwest,nonmetro,0.82,0.18,0.12,98.42,0.45,8875
31103,midwest,nonmetro,0.2,0.0,0.0,99.59,0.2,983
31105,midwest,nonmetro,0.66,0.12,0.22,98.09,0.9,4089
31107,midwest,nonmetro,7.15,0.2,0.09,92.07,0.49,9374
31109,midwest,medium_small_metro,0.67,2.98,2.92,92.11,1.33,250291
31111,midwest,nonmetro,0.6,0.42,0.59,97.78,0.61,34632
31113,midwest,nonmetro,1.03,0.0,0.13,98.58,0.26,774
31115,midwest,nonmetro,0.28,0.14,0.0,99.44,0.14,712
31117,midwest,nonmetro,0.0001,0.38,0.0,99.62,0.0,533
31119,midwest,nonmetro,1.3,0.48,1.01,96.61,0.59,35226
31121,midwest,nonmetro,0.17,0.23,0.22,99.1,0.28,8204
31123,midwest,nonmetro,0.74,0.22,0.07,98.6,0.37,5440
31125,midwest,nonmetro,0.47,0.05,0.0,99.01,0.47,4038
31127,midwest,nonmetro,0.3,0.66,0.42,98.03,0.58,7576
31129,midwest,nonmetro,0.06,0.16,0.02,99.49,0.28,5057
31131,midwest,nonmetro,0.22,0.28,0.29,98.69,0.53,15396
31133,midwest,nonmetro,0.19,0.26,0.0,99.16,0.39,3087
31135,midwest,nonmetro,0.28,0.22,0.03,99.06,0.41,3200
31137,midwest,nonmetro,0.28,0.33,0.13,98.69,0.57,9747
31139,midwest,nonmetro,0.36,0.23,0.08,98.93,0.41,7857
31141,midwest,nonmetro,0.34,0.46,0.39,98.19,0.62,31662
31143,midwest,nonmetro,0.28,0.09,0.02,99.17,0.44,5639
31145,midwest,nonmetro,0.43,0.18,0.17,98.65,0.58,11448
31147,midwest,nonmetro,2.33,0.15,0.19,96.12,1.22,9531
31149,midwest,nonmetro,0.46,0.17,0.0,99.09,0.28,1756
31151,midwest,nonmetro,0.38,1.77,0.42,96.76,0.66,13843
31153,midwest,medium_small_metro,0.45,2.1,4.48,91.3,1.67,122595
31155,midwest,medium_small_metro,0.29,0.23,0.11,98.89,0.48,19830
31157,midwest,nonmetro,2.09,0.67,0.34,96.21,0.69,36951
31159,midwest,medium_small_metro,0.21,0.39,0.29,98.48,0.63,16496
31161,midwest,nonmetro,9.26,0.19,0.08,88.69,1.77,6198
31163,midwest,nonmetro,0.21,0.27,0.06,98.98,0.48,3318
31165,midwest,nonmetro,0.14,0.2,0.0,99.19,0.47,1475
31167,midwest,nonmetro,0.48,0.2,0.42,98.22,0.68,6455
31169,midwest,nonmetro,0.28,0.12,0.02,99.11,0.48,6055
31171,midwest,nonmetro,0.27,0.0,0.0,99.59,0.14,729
31173,midwest,nonmetro,52.13,0.06,0.15,46.51,1.16,7171
31175,midwest,nonmetro,0.32,0.17,0.15,98.97,0.39,4647
31177,midwest,medium_small_metro,0.2,0.41,0.35,98.53,0.51,18780
31179,midwest,nonmetro,0.35,0.4,0.96,97.72,0.58,9851
31181,midwest,nonmetro,0.27,0.54,0.15,98.35,0.69,4061
31183,midwest,nonmetro,0.23,0.0,0.0,99.77,0.0,886
31185,midwest,nonmetro,0.32,0.57,0.97,97.53,0.6,14598
32001,west,nonmetro,4.86,3.11,1.66,88.05,2.31,23982
32003,west,large_central,0.88,6.13,9.38,81.36,2.24,1375765
32005,west,nonmetro,1.7,1.52,0.33,94.96,1.49,41259
32007,west,nonmetro,5.44,0.92,0.64,91.73,1.28,45291
32009,west,nonmetro,5.25,0.21,0.1,91.35,3.09,971
32011,west,nonmetro,1.64,0.85,0.42,94.43,2.67,1651
32013,west,nonmetro,4.2,0.74,0.52,93.11,1.44,16106
32015,west,nonmetro,4.06,0.38,0.35,94.13,1.09,5794
32017,west,nonmetro,1.92,0.41,1.82,94.62,1.22,4165
32019,west,nonmetro,2.52,0.81,0.72,94.0,1.95,34501
32021,west,nonmetro,15.44,0.93,4.83,77.11,1.7,5071
32023,west,nonmetro,2.06,1.24,1.2,93.54,1.95,32485
32027,west,nonmetro,3.59,0.91,5.41,88.32,1.78,6693
32029,west,medium_small_metro,1.68,1.21,0.29,94.94,1.88,3399
32031,west,medium_small_metro,1.91,5.02,2.2,88.95,1.91,339486
32033,west,nonmetro,3.5,1.23,4.19,90.02,1.06,9181
32510,west,medium_small_metro,2.46,2.0,1.87,92.24,1.43,52457
33001,northeast,nonmetro,0.31,0.61,0.32,97.96,0.81,56325
33003,northeast,nonmetro,0.29,0.41,0.19,98.47,0.65,43666
33005,northeast,nonmetro,0.31,0.55,0.39,98.04,0.71,73825
33007,northeast,nonmetro,0.29,0.4,0.14,98.42,0.75,33111
33009,northeast,nonmetro,0.32,1.79,0.57,96.28,1.04,81743
33011,northeast,medium_small_metro,0.26,2.07,1.45,95.37,0.85,380841
33013,northeast,nonmetro,0.23,0.9,0.57,97.44,0.86,136225
33015,northeast,large_fringe,0.18,1.19,0.63,97.3,0.7,277359
33017,northeast,large_fringe,0.22,1.48,0.66,96.73,0.92,112233
33019,northeast,nonmetro,0.32,0.4,0.24,98.25,0.79,40458
34001,northeast,medium_small_metro,0.32,5.34,18.7,74.34,1.3,252552
34003,northeast,large_fringe,0.18,10.9,5.65,82.3,0.97,884118
34005,northeast,large_fringe,0.23,2.81,15.56,79.88,1.51,423394
34007,northeast,large_fringe,0.29,3.93,19.17,75.45,1.16,508932
34009,northeast,medium_small_metro,0.19,0.72,5.3,92.95,0.83,102326
34011,northeast,medium_small_metro,1.08,1.12,21.36,74.97,1.47,146438
34013,northeast,large_central,0.3,3.98,43.14,51.49,1.09,793633
34015,northeast,large_fringe,0.2,1.58,9.26,88.01,0.95,254673
34017,northeast,large_central,0.56,10.08,15.4,72.5,1.46,608975
34019,northeast,large_fringe,0.15,2.01,2.38,94.83,0.64,121989
34021,northeast,medium_small_metro,0.23,5.22,20.53,72.94,1.08,350761
34023,northeast,large_fringe,0.28,14.25,9.79,74.54,1.14,750162
34025,northeast,large_fringe,0.16,4.09,8.41,86.4,0.93,615301
34027,northeast,large_fringe,0.15,6.45,2.94,89.65,0.81,470212
34029,northeast,large_fringe,0.17,1.35,3.11,94.66,0.72,510916
34031,northeast,large_fringe,0.59,4.08,15.24,79.04,1.05,489049
34033,northeast,large_fringe,0.37,0.68,15.13,82.75,1.06,64285
34035,northeast,large_fringe,0.15,8.61,7.87,82.46,0.91,297490
34037,northeast,large_fringe,0.12,1.28,1.09,96.79,0.72,144166
34039,northeast,large_central,0.3,4.03,21.85,72.83,0.99,522541
34041,northeast,medium_small_metro,0.12,1.31,1.98,95.86,0.73,102437
35001,west,medium_small_metro,4.44,2.24,3.09,88.57,1.66,556678
35003,west,nonmetro,2.43,0.76,0.34,94.78,1.69,3543
35005,west,nonmetro,1.31,0.71,2.16,94.74,1.08,61382
35006,west,nonmetro,40.93,0.53,1.05,56.21,1.29,25595
35007,west,nonmetro,1.84,0.34,0.35,96.38,1.09,14189
35009,west,nonmetro,1.2,2.12,7.32,87.47,1.89,45044
35011,west,nonmetro,0.94,0.27,0.18,97.77,0.85,2240
35013,west,medium_small_metro,1.72,1.04,1.89,94.22,1.13,174682
35015,west,nonmetro,1.44,0.65,1.76,95.2,0.95,51658
35017,west,nonmetro,1.54,0.43,0.77,96.07,1.19,31002
35019,west,nonmetro,1.28,0.88,1.39,96.09,0.36,4680
35021,west,nonmetro,1.85,0.0,0.37,96.42,1.36,810
35023,west,nonmetro,0.84,0.44,0.47,97.66,0.59,5932
35025,west,nonmetro,1.21,0.52,4.62,92.71,0.95,55511
35027,west,nonmetro,2.14,0.39,0.47,95.99,1.01,19411
35028,west,nonmetro,0.63,3.9,0.4,93.69,1.38,18343
35029,west,nonmetro,1.3,0.43,1.24,96.1,0.93,25016
35031,west,nonmetro,75.4,0.57,0.42,22.22,1.39,74798
35033,west,nonmetro,1.33,0.21,0.35,97.64,0.46,5180
35035,west,nonmetro,5.96,1.44,4.11,86.81,1.68,62298
35037,west,nonmetro,1.46,1.18,0.87,95.6,0.9,10155
35039,west,nonmetro,14.35,0.4,0.5,84.0,0.75,41190
35041,west,nonmetro,1.26,0.77,1.83,95.21,0.93,18018
35043,west,medium_small_metro,16.51,1.27,1.86,78.85,1.51,89908
35045,west,medium_small_metro,37.17,0.36,0.48,60.51,1.48,113801
35047,west,nonmetro,2.13,0.83,1.05,94.89,1.1,30126
35049,west,medium_small_metro,3.48,1.14,0.75,93.37,1.27,129292
35051,west,nonmetro,1.72,0.26,0.5,96.46,1.06,13270
35053,west,nonmetro,11.48,1.34,0.85,84.93,1.41,18078
35055,west,nonmetro,7.0,0.65,0.46,90.75,1.14,29979
35057,west,medium_small_metro,2.24,0.48,1.9,93.69,1.69,16911
35059,west,nonmetro,1.17,0.57,0.0,97.32,0.93,4174
35061,west,medium_small_metro,3.77,0.62,1.45,92.79,1.38,66152
36001,northeast,medium_small_metro,0.22,2.87,11.46,84.24,1.2,294565
36003,northeast,nonmetro,0.3,0.75,0.78,97.45,0.71,49927
36005,northeast,large_central,1.14,3.74,43.05,50.18,1.88,1332650
36007,northeast,medium_small_metro,0.2,2.87,3.47,92.26,1.2,200536
36009,northeast,nonmetro,2.61,0.5,1.1,94.91,0.87,83955
36011,northeast,nonmetro,0.33,0.47,4.2,94.12,0.88,81963
36013,northeast,nonmetro,0.47,0.42,2.32,95.95,0.85,139750
36015,northeast,medium_small_metro,0.24,0.82,5.99,91.72,1.23,91070
36017,northeast,nonmetro,0.28,0.31,0.85,97.95,0.6,51401
36019,northeast,nonmetro,0.37,0.74,3.84,94.34,0.71,79894
36021,northeast,nonmetro,0.23,0.91,4.79,93.02,1.05,63094
36023,northeast,nonmetro,0.28,0.45,0.88,97.41,0.98,48599
36025,northeast,nonmetro,0.32,0.58,1.24,97.09,0.77,48055
36027,northeast,medium_small_metro,0.25,2.62,9.79,86.12,1.22,280150
36029,northeast,large_central,0.62,1.52,13.3,83.69,0.87,950265
36031,northeast,nonmetro,0.31,0.52,2.92,95.58,0.66,38851
36033,northeast,nonmetro,6.22,0.4,7.06,85.77,0.55,51134
36035,northeast,nonmetro,0.19,0.58,1.88,96.6,0.75,55073
36037,northeast,nonmetro,0.8,0.55,2.29,95.45,0.91,60370
36039,northeast,nonmetro,0.3,0.6,5.81,92.26,1.03,48195
36041,northeast,nonmetro,0.26,0.2,0.5,98.42,0.61,5379
36043,northeast,medium_small_metro,0.22,0.44,0.55,98.18,0.62,64427
36045,northeast,nonmetro,0.55,1.13,6.22,90.72,1.38,111738
36047,northeast,large_central,0.53,8.1,39.36,50.7,1.31,2465326
36049,northeast,nonmetro,0.3,0.29,0.43,98.58,0.4,26944
36051,northeast,large_fringe,0.28,0.82,3.11,94.93,0.86,64328
36053,northeast,medium_small_metro,0.53,0.58,1.38,96.84,0.68,69441
36055,northeast,large_central,0.29,2.56,14.32,81.6,1.23,735343
36057,northeast,nonmetro,0.26,0.57,1.39,97.05,0.73,49708
36059,northeast,large_central,0.21,4.96,10.69,83.28,0.86,1334544
36061,northeast,large_central,0.69,9.87,21.37,66.22,1.86,1537195
36063,northeast,large_fringe,0.96,0.62,6.23,91.18,1.01,219846
36065,northeast,medium_small_metro,0.24,1.23,5.99,91.64,0.9,235469
36067,northeast,medium_small_metro,0.88,2.18,9.67,85.71,1.56,458336
36069,northeast,large_fringe,0.23,0.73,2.22,95.84,0.98,100224
36071,northeast,medium_small_metro,0.4,1.63,8.58,88.03,1.35,341367
36073,northeast,large_fringe,0.49,0.38,7.54,90.56,1.01,44171
36075,northeast,medium_small_metro,0.42,0.46,0.63,97.73,0.77,122377
36077,northeast,nonmetro,0.23,0.71,1.81,96.44,0.81,61676
36079,northeast,large_fringe,0.17,1.31,1.72,96.01,0.79,95745
36081,northeast,large_central,0.75,19.05,22.22,56.2,1.79,2229379
36083,northeast,medium_small_metro,0.24,1.79,4.91,92.06,1.0,152538
36085,northeast,large_central,0.3,5.95,10.5,82.15,1.11,443728
36087,northeast,large_fringe,0.3,5.79,11.92,80.92,1.07,286753
36089,northeast,nonmetro,0.9,0.77,2.5,95.19,0.64,111931
36091,northeast,medium_small_metro,0.19,1.09,1.41,96.47,0.83,200635
36093,northeast,medium_small_metro,0.25,2.11,7.14,89.03,1.47,146555
36095,northeast,medium_small_metro,0.3,0.44,1.32,97.15,0.78,31582
36097,northeast,nonmetro,0.43,0.32,1.52,96.96,0.78,19224
36099,northeast,nonmetro,0.28,0.73,2.35,95.78,0.86,33342
36101,northeast,nonmetro,0.28,0.94,1.39,96.71,0.68,98726
36103,northeast,large_fringe,0.32,2.63,7.47,88.62,0.96,1419369
36105,northeast,nonmetro,0.29,1.24,8.91,88.4,1.16,73966
36107,northeast,medium_small_metro,0.24,0.61,0.59,97.81,0.75,51784
36109,northeast,medium_small_metro,0.3,7.54,3.8,86.77,1.6,96501
36111,northeast,medium_small_metro,0.29,1.33,5.83,91.19,1.36,177749
36113,northeast,medium_small_metro,0.21,0.58,0.66,97.78,0.77,63303
36115,northeast,medium_small_metro,0.21,0.32,3.05,95.76,0.66,61042
36117,northeast,large_fringe,0.28,0.5,3.33,94.8,1.1,93765
36119,northeast,large_fringe,0.34,4.76,15.21,78.55,1.15,923459
36121,northeast,nonmetro,0.27,0.48,5.67,93.1,0.48,43424
36123,northeast,nonmetro,0.15,0.31,0.59,98.31,0.65,24621
37001,south,medium_small_metro,0.4,1.0,18.91,78.93,0.76,130800
37003,south,medium_small_metro,0.15,1.1,4.66,93.42,0.67,33603
37005,south,nonmetro,0.26,0.21,1.24,97.67,0.63,10677
37007,south,large_fringe,0.45,0.64,48.74,49.82,0.36,25275
37009,south,nonmetro,0.32,0.25,0.68,98.37,0.38,24384
37011,south,nonmetro,0.37,0.25,3.51,95.29,0.59,17167
37013,south,nonmetro,0.18,0.28,29.09,69.98,0.47,44958
37015,south,nonmetro,0.47,0.14,62.44,36.67,0.28,19773
37017,south,nonmetro,2.09,0.16,38.06,59.14,0.55,32278
37019,south,medium_small_metro,0.74,0.33,14.44,83.69,0.79,73143
37021,south,medium_small_metro,0.4,0.73,7.54,90.39,0.94,206330
37023,south,medium_small_metro,0.37,3.97,6.77,88.24,0.65,89148
37025,south,large_fringe,0.37,1.02,12.29,85.69,0.64,131063
37027,south,medium_small_metro,0.24,0.45,5.48,93.3,0.53,77415
37029,south,nonmetro,0.42,0.6,17.27,80.92,0.8,6885
37031,south,nonmetro,0.45,0.67,7.06,90.95,0.87,59383
37033,south,nonmetro,0.19,0.22,36.62,62.34,0.63,23501
37035,south,medium_small_metro,0.28,3.15,8.45,87.48,0.65,141685
37037,south,medium_small_metro,0.45,0.7,17.26,80.88,0.72,49329
37039,south,nonmetro,1.63,0.3,1.63,95.36,1.08,24298
37041,south,nonmetro,0.3,0.36,37.62,61.13,0.59,14526
37043,south,nonmetro,0.33,0.16,0.8,98.19,0.52,8775
37045,south,nonmetro,0.15,0.74,21.0,77.54,0.57,96287
37047,south,nonmetro,3.14,0.26,31.03,64.95,0.62,54749
37049,south,nonmetro,0.45,1.12,25.41,71.79,1.24,91436
37051,south,medium_small_metro,1.6,2.34,35.66,58.18,2.21,302963
37053,south,large_fringe,0.48,0.45,7.27,91.01,0.79,18190
37055,south,nonmetro,0.29,0.43,2.69,95.78,0.81,29967
37057,south,nonmetro,0.39,0.95,9.21,88.81,0.64,147246
37059,south,medium_small_metro,0.25,0.35,6.89,91.84,0.67,34835
37061,south,nonmetro,0.33,0.28,29.19,69.71,0.49,49063
37063,south,medium_small_metro,0.36,3.47,39.83,55.28,1.07,223314
37065,south,medium_small_metro,0.2,0.2,57.68,41.54,0.38,55606
37067,south,medium_small_metro,0.33,1.13,25.89,71.78,0.87,306067
37069,south,medium_small_metro,0.44,0.38,30.16,68.4,0.62,47260
37071,south,large_fringe,0.29,1.03,13.96,84.08,0.65,190365
37073,south,nonmetro,0.42,0.29,39.27,59.25,0.77,10516
37075,south,nonmetro,6.84,0.18,0.19,92.06,0.74,7993
37077,south,nonmetro,0.49,0.43,35.16,63.17,0.75,48498
37079,south,medium_small_metro,0.38,0.11,41.48,57.53,0.5,18974
37081,south,medium_small_metro,0.48,2.63,29.56,66.44,0.89,421048
37083,south,nonmetro,3.19,0.57,52.67,42.99,0.58,57370
37085,south,nonmetro,0.93,0.78,22.74,74.46,1.09,91025
37087,south,medium_small_metro,0.5,0.26,1.28,97.41,0.56,54033
37089,south,medium_small_metro,0.31,0.65,3.09,95.23,0.72,89173
37091,south,nonmetro,1.24,0.4,59.74,38.0,0.62,22601
37093,south,medium_small_metro,11.63,1.08,38.08,47.68,1.54,33646
37095,south,nonmetro,0.33,0.43,35.08,63.61,0.55,5826
37097,south,nonmetro,0.28,1.35,13.78,83.97,0.62,122660
37099,south,nonmetro,10.25,0.55,1.7,86.36,1.15,33121
37101,south,medium_small_metro,0.47,0.39,15.82,82.77,0.55,121965
37103,south,nonmetro,0.39,0.25,35.96,62.64,0.75,10381
37105,south,nonmetro,0.46,0.82,20.61,77.52,0.59,49040
37107,south,nonmetro,0.2,0.41,40.58,58.36,0.44,59648
37109,south,nonmetro,0.29,0.36,6.54,92.27,0.54,63780
37111,south,nonmetro,0.31,1.03,4.19,93.87,0.59,42151
37113,south,nonmetro,0.29,0.44,1.2,97.54,0.54,29811
37115,south,medium_small_metro,0.28,0.24,0.84,98.17,0.48,19635
37117,south,nonmetro,0.31,0.29,45.46,53.52,0.42,25593
37119,south,large_central,0.39,3.32,28.17,67.28,0.83,695454
37121,south,nonmetro,0.45,0.22,0.22,98.59,0.52,15687
37123,south,nonmetro,0.48,1.79,21.91,75.17,0.63,26822
37125,south,nonmetro,0.72,0.55,15.57,82.46,0.7,74769
37127,south,medium_small_metro,0.49,0.63,34.11,64.12,0.64,87420
37129,south,medium_small_metro,0.4,0.91,17.06,80.87,0.76,160307
37131,south,nonmetro,0.32,0.16,59.53,39.5,0.49,22086
37133,south,medium_small_metro,0.78,2.03,19.15,75.67,2.37,150355
37135,south,medium_small_metro,0.43,4.19,13.94,80.18,1.27,118227
37137,south,nonmetro,0.53,0.41,24.59,73.87,0.61,12934
37139,south,nonmetro,0.38,0.93,40.17,57.47,1.05,34897
37141,south,medium_small_metro,0.53,0.22,23.66,74.9,0.69,41082
37143,south,nonmetro,0.18,0.26,28.01,70.96,0.6,11368
37145,south,medium_small_metro,0.63,0.17,28.36,70.18,0.65,35623
37147,south,medium_small_metro,0.29,1.16,33.83,64.0,0.72,133798
37149,south,nonmetro,0.22,0.27,5.89,93.06,0.56,18324
37151,south,medium_small_metro,0.47,0.72,5.68,92.45,0.68,130454
37153,south,nonmetro,1.69,0.74,30.64,65.97,0.96,46564
37155,south,nonmetro,38.3,0.44,25.22,35.03,1.0,123339
37157,south,medium_small_metro,0.3,0.35,19.65,79.13,0.58,91928
37159,south,nonmetro,0.34,0.93,15.87,82.17,0.69,130340
37161,south,nonmetro,0.21,0.37,11.3,87.48,0.65,62899
37163,south,nonmetro,1.88,0.57,30.24,66.68,0.64,60161
37165,south,nonmetro,8.92,0.54,37.42,51.96,1.16,35998
37167,south,nonmetro,0.25,1.93,11.52,85.74,0.56,58100
37169,south,medium_small_metro,0.26,0.26,4.7,94.35,0.44,44711
37171,south,nonmetro,0.26,0.67,4.2,94.41,0.47,71219
37173,south,nonmetro,29.14,0.2,1.71,66.94,2.0,12968
37175,south,nonmetro,0.29,0.42,4.26,94.03,1.0,29334
37177,south,nonmetro,0.19,1.28,39.5,58.4,0.63,4149
37179,south,large_fringe,0.42,0.67,12.61,85.67,0.64,123677
37181,south,nonmetro,0.21,0.47,48.49,50.34,0.49,42954
37183,south,medium_small_metro,0.38,3.51,19.96,75.12,1.04,627846
37185,south,nonmetro,4.85,0.16,54.61,39.66,0.73,19972
37187,south,nonmetro,0.05,0.36,49.08,49.95,0.56,13723
37189,south,nonmetro,0.26,0.65,1.62,96.95,0.52,42695
37191,south,medium_small_metro,0.38,1.08,33.28,64.33,0.93,113329
37193,south,nonmetro,0.15,0.38,4.2,94.79,0.48,65632
37195,south,nonmetro,0.29,0.48,39.53,59.14,0.56,73814
37197,south,medium_small_metro,0.17,0.25,3.48,95.63,0.47,36348
37199,south,nonmetro,0.34,0.15,0.59,98.48,0.45,17774
38001,midwest,nonmetro,0.31,0.23,0.54,98.61,0.31,2593
38003,midwest,nonmetro,0.77,0.2,0.47,98.09,0.48,11775
38005,midwest,nonmetro,48.08,0.03,0.1,51.03,0.76,6964
38007,midwest,nonmetro,0.11,0.11,0.0,98.87,0.9,888
38009,midwest,nonmetro,1.47,0.2,0.22,97.41,0.7,7149
38011,midwest,nonmetro,0.15,0.06,0.03,99.32,0.43,3242
38013,midwest,nonmetro,0.22,0.13,0.27,99.24,0.13,2242
38015,midwest,medium_small_metro,3.29,0.44,0.27,95.27,0.73,69416
38017,midwest,medium_small_metro,1.09,1.32,0.92,95.79,0.89,123138
38019,midwest,nonmetro,0.52,0.1,0.14,98.3,0.93,4831
38021,midwest,nonmetro,0.35,0.5,0.1,98.35,0.69,5757
38023,midwest,nonmetro,0.13,0.53,0.0,99.21,0.13,2283
38025,midwest,nonmetro,12.44,0.08,0.03,86.75,0.69,3600
38027,midwest,nonmetro,2.39,0.22,0.07,96.59,0.73,2757
38029,midwest,nonmetro,0.14,0.35,0.05,99.38,0.09,4331
38031,midwest,nonmetro,0.43,0.0,0.13,99.2,0.24,3759
38033,midwest,nonmetro,0.73,0.1,0.05,98.08,1.04,1924
38035,midwest,medium_small_metro,2.34,1.07,1.41,93.86,1.31,66109
38037,midwest,nonmetro,1.72,0.35,0.0,97.25,0.67,2841
38039,midwest,nonmetro,0.22,0.15,0.0,99.46,0.18,2754
38041,midwest,nonmetro,0.37,0.15,0.15,99.01,0.33,2715
38043,midwest,nonmetro,0.11,0.07,0.18,99.49,0.15,2753
38045,midwest,nonmetro,0.17,0.13,0.04,99.43,0.23,4701
38047,midwest,nonmetro,0.13,0.17,0.09,99.31,0.3,2308
38049,midwest,nonmetro,0.4,0.07,0.08,98.85,0.6,5987
38051,midwest,nonmetro,0.15,0.32,0.0,99.06,0.47,3390
38053,midwest,nonmetro,21.2,0.07,0.07,77.69,0.98,5737
38055,midwest,nonmetro,6.1,0.13,0.02,92.71,1.04,9311
38057,midwest,nonmetro,2.0,0.65,0.05,96.53,0.78,8644
38059,midwest,medium_small_metro,2.4,0.32,0.17,96.1,1.02,25303
38061,midwest,nonmetro,29.98,0.26,0.11,68.59,1.07,6631
38063,midwest,nonmetro,0.35,0.3,0.08,98.84,0.43,3715
38065,midwest,nonmetro,1.26,0.1,0.15,97.63,0.87,2065
38067,midwest,nonmetro,1.44,0.24,0.15,96.9,1.26,8585
38069,midwest,nonmetro,0.68,0.26,0.13,98.63,0.3,4675
38071,midwest,nonmetro,5.41,0.29,0.21,92.61,1.48,12066
38073,midwest,nonmetro,0.32,0.25,0.19,98.46,0.78,5890
38075,midwest,nonmetro,0.65,0.5,0.23,97.89,0.73,2610
38077,midwest,nonmetro,1.67,0.3,0.34,97.04,0.64,17998
38079,midwest,nonmetro,73.09,0.07,0.09,25.25,1.5,13674
38081,midwest,nonmetro,0.46,0.09,0.05,98.76,0.64,4366
38083,midwest,nonmetro,0.41,0.0,0.12,99.3,0.18,1710
38085,midwest,nonmetro,84.62,0.1,0.02,14.54,0.72,4044
38087,midwest,nonmetro,0.13,0.0,0.0,99.74,0.13,767
38089,midwest,nonmetro,0.94,0.26,0.24,97.91,0.65,22636
38091,midwest,nonmetro,0.62,0.04,0.09,98.58,0.66,2258
38093,midwest,nonmetro,0.94,0.42,0.29,97.82,0.52,21908
38095,midwest,nonmetro,2.05,0.07,0.07,97.36,0.45,2876
38097,midwest,nonmetro,0.96,0.17,0.19,98.42,0.27,8477
38099,midwest,nonmetro,1.04,0.31,0.36,97.67,0.61,12389
38101,midwest,nonmetro,2.08,0.92,2.28,93.25,1.47,58795
38103,midwest,nonmetro,0.24,0.24,0.14,99.18,0.22,5102
38105,midwest,nonmetro,4.43,0.2,0.13,93.18,2.06,19761
39001,midwest,nonmetro,0.72,0.16,0.19,97.93,1.01,27330
39003,midwest,medium_small_metro,0.21,0.59,12.3,85.63,1.27,108473
39005,midwest,nonmetro,0.12,0.58,0.82,97.85,0.63,52523
39007,midwest,nonmetro,0.19,0.38,3.22,95.14,1.06,102728
39009,midwest,nonmetro,0.31,1.98,2.43,94.06,1.22,62223
39011,midwest,nonmetro,0.2,0.44,0.24,98.41,0.71,46611
39013,midwest,medium_small_metro,0.14,0.33,3.68,95.14,0.7,70226
39015,midwest,large_fringe,0.18,0.15,0.94,98.2,0.53,42285
39017,midwest,large_fringe,0.22,1.62,5.33,91.9,0.93,332807
39019,midwest,medium_small_metro,0.34,0.14,0.55,98.37,0.6,28836
39021,midwest,nonmetro,0.31,0.28,2.33,96.08,1.0,38890
39023,midwest,medium_small_metro,0.28,0.58,9.02,88.72,1.4,144742
39025,midwest,large_fringe,0.19,0.67,0.93,97.48,0.72,177977
39027,midwest,nonmetro,0.26,0.38,2.2,96.26,0.9,40543
39029,midwest,nonmetro,0.19,0.26,2.23,96.65,0.67,112075
39031,midwest,nonmetro,0.18,0.36,1.09,97.59,0.78,36655
39033,midwest,nonmetro,0.21,0.33,0.61,98.3,0.56,46966
39035,midwest,large_central,0.19,1.89,27.77,69.07,1.07,1393978
39037,midwest,nonmetro,0.17,0.27,0.39,98.52,0.65,53309
39039,midwest,nonmetro,0.26,0.4,1.89,96.75,0.7,39500
39041,midwest,large_fringe,0.14,1.61,2.6,94.67,0.98,109989
39043,midwest,medium_small_metro,0.22,0.39,8.75,89.35,1.29,79551
39045,midwest,large_fringe,0.2,0.77,2.7,95.46,0.87,122759
39047,midwest,nonmetro,0.17,0.49,2.18,96.15,1.02,28433
39049,midwest,large_central,0.29,3.21,18.3,76.64,1.56,1068978
39051,midwest,medium_small_metro,0.28,0.49,0.3,98.34,0.6,42084
39053,midwest,nonmetro,0.43,0.35,2.73,95.48,1.0,31069
39055,midwest,large_fringe,0.08,0.45,1.24,97.62,0.6,90895
39057,midwest,medium_small_metro,0.3,2.1,6.47,89.69,1.44,147886
39059,midwest,nonmetro,0.32,0.31,1.57,96.59,1.21,40792
39061,midwest,large_central,0.19,1.68,23.59,73.48,1.06,845303
39063,midwest,nonmetro,0.18,1.27,1.15,96.65,0.75,71295
39065,midwest,nonmetro,0.25,0.45,0.71,97.83,0.75,31945
39067,midwest,nonmetro,0.08,0.11,2.21,96.63,0.96,15856
39069,midwest,nonmetro,0.28,0.47,0.6,98.2,0.46,29210
39071,midwest,nonmetro,0.25,0.36,1.53,97.06,0.8,40875
39073,midwest,nonmetro,0.29,0.08,0.92,97.67,1.04,28241
39075,midwest,nonmetro,0.06,0.07,0.33,99.18,0.36,38943
39077,midwest,nonmetro,0.19,0.29,0.99,97.78,0.74,59487
39079,midwest,nonmetro,0.35,0.2,0.6,98.07,0.78,32641
39081,midwest,medium_small_metro,0.2,0.38,5.73,92.8,0.89,73894
39083,midwest,nonmetro,0.21,0.37,0.69,97.95,0.78,54500
39085,midwest,large_fringe,0.12,0.95,2.02,96.16,0.75,227511
39087,midwest,medium_small_metro,0.18,0.2,2.1,96.72,0.8,62319
39089,midwest,large_fringe,0.3,0.62,2.08,96.02,0.97,145491
39091,midwest,nonmetro,0.21,0.46,1.77,96.5,1.07,46005
39093,midwest,large_fringe,0.31,0.66,8.84,88.63,1.54,284664
39095,midwest,medium_small_metro,0.28,1.29,17.2,79.79,1.44,455054
39097,midwest,large_fringe,0.2,0.48,6.29,92.2,0.83,40213
39099,midwest,medium_small_metro,0.18,0.51,16.14,82.17,0.99,257555
39101,midwest,nonmetro,0.2,0.58,5.83,92.6,0.78,66217
39103,midwest,large_fringe,0.16,0.67,0.89,97.6,0.68,151095
39105,midwest,nonmetro,0.27,0.12,0.71,98.0,0.91,23072
39107,midwest,nonmetro,0.26,0.31,0.11,98.85,0.48,40924
39109,midwest,medium_small_metro,0.21,0.81,1.99,96.13,0.86,98868
39111,midwest,nonmetro,0.16,0.11,0.27,98.87,0.59,15180
39113,midwest,medium_small_metro,0.23,1.39,19.99,77.13,1.27,559062
39115,midwest,nonmetro,0.35,0.09,3.48,93.88,2.2,14897
39117,midwest,large_fringe,0.31,0.15,0.28,98.62,0.64,31628
39119,midwest,nonmetro,0.21,0.3,4.09,94.13,1.27,84585
39121,midwest,nonmetro,0.26,0.09,6.69,92.6,0.36,14058
39123,midwest,medium_small_metro,0.21,0.29,0.68,98.28,0.53,40985
39125,midwest,nonmetro,0.29,0.18,1.04,97.61,0.87,20293
39127,midwest,nonmetro,0.29,0.11,0.22,98.76,0.63,34078
39129,midwest,large_fringe,0.28,0.26,6.47,92.13,0.86,52727
39131,midwest,nonmetro,0.75,0.23,0.89,96.87,1.26,27695
39133,midwest,medium_small_metro,0.19,0.85,3.23,94.74,1.0,152061
39135,midwest,medium_small_metro,0.22,0.29,0.33,98.62,0.55,42337
39137,midwest,nonmetro,0.16,0.19,0.2,99.14,0.31,34726
39139,midwest,medium_small_metro,0.21,0.55,9.5,88.61,1.13,128852
39141,midwest,nonmetro,0.31,0.39,6.25,91.92,1.13,73345
39143,midwest,nonmetro,0.14,0.31,2.78,95.83,0.94,61792
39145,midwest,nonmetro,0.64,0.28,2.75,95.14,1.19,79195
39147,midwest,nonmetro,0.22,0.41,1.85,96.64,0.88,58683
39149,midwest,nonmetro,0.17,1.05,1.53,96.32,0.93,47910
39151,midwest,medium_small_metro,0.25,0.57,7.27,90.69,1.22,378098
39153,midwest,medium_small_metro,0.2,1.46,13.28,83.92,1.14,542899
39155,midwest,medium_small_metro,0.15,0.48,7.95,90.54,0.87,225116
39157,midwest,nonmetro,0.18,0.3,0.75,98.13,0.65,90914
39159,midwest,large_fringe,0.18,0.56,2.86,95.56,0.84,40909
39161,midwest,nonmetro,0.11,0.2,0.78,98.35,0.55,29659
39163,midwest,nonmetro,0.45,0.09,0.36,98.2,0.9,12806
39165,midwest,large_fringe,0.18,1.31,2.75,95.05,0.71,158383
39167,midwest,medium_small_metro,0.24,0.51,0.94,97.5,0.81,63251
39169,midwest,nonmetro,0.18,0.71,1.59,96.8,0.73,111564
39171,midwest,nonmetro,0.24,0.53,0.76,97.89,0.57,39188
39173,midwest,medium_small_metro,0.24,1.09,1.32,96.59,0.76,121065
39175,midwest,nonmetro,0.08,0.56,0.14,98.79,0.42,22908
40001,south,nonmetro,42.82,0.14,0.2,49.81,7.03,21038
40003,south,nonmetro,2.78,0.16,4.28,90.91,1.87,6105
40005,south,nonmetro,11.39,0.27,5.87,76.66,5.81,13879
40007,south,nonmetro,1.37,0.14,0.29,97.01,1.2,5857
40009,south,nonmetro,2.59,0.43,5.64,89.63,1.71,19799
40011,south,nonmetro,8.76,2.02,6.77,79.4,3.05,11976
40013,south,nonmetro,12.21,0.48,1.43,81.33,4.55,36534
40015,south,nonmetro,24.49,0.26,2.98,68.46,3.8,30150
40017,south,large_fringe,4.3,2.53,2.2,88.63,2.33,87697
40019,south,nonmetro,8.33,0.67,7.64,79.27,4.09,45621
40021,south,nonmetro,32.6,0.33,1.23,58.71,7.14,42521
40023,south,nonmetro,15.05,0.19,10.98,69.25,4.54,15342
40025,south,nonmetro,1.02,0.16,0.64,96.92,1.27,3148
40027,south,large_fringe,4.44,2.95,3.63,85.32,3.66,208016
40029,south,nonmetro,17.41,0.32,0.36,76.21,5.7,6031
40031,south,medium_small_metro,5.21,2.66,19.56,68.87,3.7,114996
40033,south,nonmetro,7.67,0.18,3.05,86.65,2.45,6614
40035,south,nonmetro,16.33,0.21,3.11,69.21,11.14,14950
40037,south,medium_small_metro,9.11,0.32,2.56,83.12,4.88,67367
40039,south,nonmetro,5.96,1.01,2.95,87.68,2.39,26142
40041,south,nonmetro,22.38,0.22,0.14,70.98,6.29,37077
40043,south,nonmetro,4.66,0.08,0.13,93.17,1.96,4743
40045,south,nonmetro,1.2,0.1,0.05,97.33,1.33,4075
40047,south,nonmetro,2.14,1.41,3.3,90.94,2.2,57813
40049,south,nonmetro,7.45,0.33,2.57,86.58,3.07,27210
40051,south,large_fringe,4.89,0.4,3.08,88.69,2.94,45516
40053,south,nonmetro,2.45,0.17,0.08,96.15,1.15,5144
40055,south,nonmetro,2.54,0.31,8.94,85.94,2.26,6061
40057,south,nonmetro,1.28,0.34,10.42,87.05,0.91,3283
40059,south,nonmetro,0.93,0.14,0.03,98.43,0.48,3562
40061,south,nonmetro,14.72,0.29,0.61,78.83,5.55,11792
40063,south,nonmetro,16.21,0.25,4.5,73.85,5.19,14154
40065,south,nonmetro,1.83,1.51,8.43,86.28,1.95,28439
40067,south,nonmetro,5.34,1.22,0.98,90.0,2.46,6818
40069,south,nonmetro,15.39,0.32,1.66,77.47,5.17,10513
40071,south,nonmetro,7.64,0.6,1.83,86.37,3.56,48080
40073,south,nonmetro,3.04,0.22,1.61,92.8,2.33,13926
40075,south,nonmetro,6.37,0.38,4.74,86.53,1.98,10227
40077,south,nonmetro,19.5,0.19,0.96,73.63,5.71,10692
40079,south,medium_small_metro,10.76,0.26,2.23,82.0,4.75,48109
40081,south,large_fringe,6.64,0.28,2.47,87.01,3.6,32080
40083,south,large_fringe,2.92,0.42,11.15,82.87,2.64,33924
40085,south,nonmetro,6.42,0.27,2.2,88.27,2.84,8831
40087,south,large_fringe,5.66,0.27,0.68,89.81,3.58,27740
40089,south,nonmetro,13.74,0.24,9.32,71.99,4.71,34402
40091,south,nonmetro,16.23,0.21,4.09,73.04,6.44,19456
40093,south,nonmetro,0.93,0.2,0.19,97.5,1.19,7545
40095,south,nonmetro,9.22,0.32,1.85,84.45,4.16,13184
40097,south,nonmetro,19.14,0.31,0.3,72.92,7.33,38369
40099,south,nonmetro,11.65,0.36,1.91,82.08,4.01,12623
40101,south,nonmetro,14.92,0.63,13.24,65.01,6.2,69451
40103,south,nonmetro,7.6,0.38,1.58,87.31,3.14,11411
40105,south,nonmetro,16.6,0.12,2.5,72.87,7.91,10569
40107,south,nonmetro,18.27,0.09,10.44,66.16,5.04,11814
40109,south,large_central,3.51,3.0,15.19,75.2,3.1,660448
40111,south,medium_small_metro,12.92,0.22,10.24,70.62,6.0,39685
40113,south,medium_small_metro,14.49,0.28,10.93,67.7,6.61,44437
40115,south,nonmetro,16.61,0.43,0.59,75.82,6.56,33194
40117,south,medium_small_metro,12.17,0.25,0.71,82.65,4.22,16612
40119,south,nonmetro,4.63,3.1,3.67,85.41,3.19,68190
40121,south,nonmetro,12.57,0.31,4.05,78.25,4.82,43953
40123,south,nonmetro,15.58,0.49,2.09,76.75,5.09,35143
40125,south,nonmetro,11.26,0.75,2.92,80.81,4.26,65521
40127,south,nonmetro,15.62,0.16,0.84,78.42,4.96,11667
40129,south,nonmetro,5.62,0.15,0.29,92.43,1.51,3436
40131,south,medium_small_metro,12.1,0.39,0.74,80.63,6.15,70641
40133,south,nonmetro,17.45,0.28,5.62,71.65,5.01,24894
40135,south,medium_small_metro,19.73,0.27,1.88,69.02,9.1,38972
40137,south,nonmetro,4.96,0.36,2.21,90.02,2.45,43182
40139,south,nonmetro,1.4,0.77,0.81,95.91,1.11,20107
40141,south,nonmetro,2.79,0.38,9.31,85.46,2.06,9287
40143,south,medium_small_metro,5.26,1.73,11.06,78.18,3.77,563299
40145,south,medium_small_metro,9.42,0.56,3.79,81.16,5.07,57491
40147,south,nonmetro,8.66,0.78,2.53,82.33,5.7,48996
40149,south,nonmetro,3.01,0.3,0.44,94.76,1.49,11508
40151,south,nonmetro,1.62,0.56,2.4,94.19,1.23,9089
40153,south,nonmetro,2.15,0.55,1.14,94.9,1.26,18486
41001,west,nonmetro,1.09,0.45,0.24,97.0,1.22,16741
41003,west,medium_small_metro,0.82,4.9,0.89,91.5,1.89,78153
41005,west,large_fringe,0.76,2.75,0.7,94.0,1.8,338391
41007,west,nonmetro,1.12,1.5,0.55,95.13,1.7,35630
41009,west,large_fringe,1.41,0.72,0.26,95.55,2.05,43560
41011,west,nonmetro,2.45,1.13,0.31,93.31,2.79,62779
41013,west,nonmetro,1.31,0.48,0.04,97.01,1.15,19182
41015,west,nonmetro,2.19,0.85,0.16,94.59,2.21,21137
41017,west,medium_small_metro,0.85,0.86,0.21,96.54,1.54,115367
41019,west,nonmetro,1.55,0.78,0.18,95.15,2.34,100399
41021,west,nonmetro,0.84,0.16,0.26,97.86,0.89,1915
41023,west,nonmetro,1.6,0.25,0.1,96.72,1.32,7935
41025,west,nonmetro,4.01,0.6,0.14,93.59,1.66,7609
41027,west,nonmetro,1.22,1.7,0.72,95.12,1.24,20411
41029,west,medium_small_metro,1.12,1.16,0.43,95.28,2.01,181269
41031,west,nonmetro,15.99,0.55,0.29,81.21,1.95,19009
41033,west,nonmetro,1.27,0.79,0.3,95.5,2.14,75726
41035,west,nonmetro,4.28,1.0,0.67,91.46,2.59,63775
41037,west,nonmetro,2.41,0.85,0.13,94.7,1.9,7422
41039,west,medium_small_metro,1.18,2.31,0.81,93.17,2.53,322959
41041,west,nonmetro,3.23,1.17,0.35,92.61,2.64,44479
41043,west,nonmetro,1.33,0.97,0.34,95.5,1.85,103069
41045,west,nonmetro,1.15,2.19,1.34,93.91,1.42,31615
41047,west,medium_small_metro,1.63,2.28,0.98,93.17,1.93,284834
41049,west,nonmetro,1.68,0.61,0.27,96.33,1.11,10995
41051,west,large_central,1.1,6.32,5.89,83.96,2.73,660486
41053,west,medium_small_metro,1.91,1.42,0.48,94.2,2.0,62380
41055,west,nonmetro,1.4,0.47,0.21,96.54,1.4,1934
41057,west,nonmetro,1.22,0.88,0.23,96.02,1.65,24262
41059,west,nonmetro,3.49,1.04,0.9,93.29,1.28,70548
41061,west,nonmetro,0.85,1.55,0.53,95.84,1.24,24530
41063,west,nonmetro,0.72,0.29,0.03,97.68,1.29,7226
41065,west,nonmetro,3.87,1.4,0.32,92.88,1.54,23791
41067,west,large_fringe,0.73,7.27,1.23,88.68,2.09,445342
41069,west,nonmetro,1.23,0.32,0.06,96.7,1.68,1547
41071,west,large_fringe,1.54,1.26,0.9,94.56,1.74,84992
42001,northeast,nonmetro,0.23,0.54,1.28,97.3,0.65,91292
42003,northeast,large_central,0.13,1.77,12.52,84.72,0.86,1281666
42005,northeast,large_fringe,0.1,0.15,0.83,98.47,0.45,72392
42007,northeast,large_fringe,0.11,0.27,6.01,92.82,0.8,181412
42009,northeast,nonmetro,0.11,0.3,0.37,98.74,0.49,49984
42011,northeast,medium_small_metro,0.19,1.13,4.35,93.48,0.85,373638
42013,northeast,medium_small_metro,0.08,0.39,1.21,97.78,0.54,129144
42015,northeast,nonmetro,0.32,0.48,0.41,98.2,0.6,62761
42017,northeast,large_fringe,0.14,2.37,3.34,93.44,0.72,597635
42019,northeast,large_fringe,0.09,0.61,0.8,98.06,0.43,174083
42021,northeast,medium_small_metro,0.09,0.41,2.87,96.08,0.56,152598
42023,northeast,nonmetro,0.17,0.17,0.35,98.95,0.37,5974
42025,northeast,medium_small_metro,0.17,0.36,0.67,98.29,0.51,58802
42027,northeast,medium_small_metro,0.14,4.14,2.7,92.3,0.72,135758
42029,northeast,large_fringe,0.16,2.03,6.41,90.63,0.77,433501
42031,northeast,nonmetro,0.11,0.36,0.8,98.29,0.45,41765
42033,northeast,nonmetro,0.12,0.29,1.52,97.71,0.36,83382
42035,northeast,nonmetro,0.11,0.44,0.52,98.48,0.44,37914
42037,northeast,nonmetro,0.16,0.58,0.85,97.96,0.46,64151
42039,northeast,nonmetro,0.21,0.33,1.6,97.21,0.65,90366
42041,northeast,medium_small_metro,0.13,1.75,2.4,94.98,0.73,213674
42043,northeast,medium_small_metro,0.18,2.06,17.42,78.95,1.39,251798
42045,northeast,large_fringe,0.11,3.38,14.75,80.93,0.83,550864
42047,northeast,nonmetro,0.1,0.4,0.15,99.07,0.27,35112
42049,northeast,medium_small_metro,0.17,0.74,6.26,91.89,0.95,280843
42051,northeast,large_fringe,0.12,0.23,3.55,95.46,0.65,148644
42053,northeast,nonmetro,0.42,0.14,2.41,96.48,0.55,4946
42055,northeast,nonmetro,0.16,0.61,2.41,96.11,0.71,129313
42057,northeast,nonmetro,0.2,0.13,0.67,98.35,0.66,14261
42059,northeast,nonmetro,0.15,0.25,3.91,95.17,0.52,40672
42061,northeast,nonmetro,0.11,0.23,5.19,93.96,0.51,45586
42063,northeast,nonmetro,0.08,0.76,1.59,97.11,0.46,89605
42065,northeast,nonmetro,0.16,0.22,0.14,99.07,0.4,45932
42067,northeast,nonmetro,0.14,0.46,0.4,98.65,0.35,22821
42069,northeast,medium_small_metro,0.09,0.78,1.39,97.21,0.52,213295
42071,northeast,medium_small_metro,0.16,1.54,3.21,94.25,0.84,470658
42073,northeast,nonmetro,0.1,0.29,3.64,95.25,0.72,94643
42075,northeast,medium_small_metro,0.14,0.96,1.52,96.8,0.59,120327
42077,northeast,medium_small_metro,0.21,2.22,4.2,92.38,0.99,312090
42079,northeast,medium_small_metro,0.09,0.61,1.75,97.1,0.44,319250
42081,northeast,medium_small_metro,0.22,0.45,4.36,94.23,0.73,120044
42083,northeast,nonmetro,0.33,0.35,1.95,96.88,0.49,45936
42085,northeast,medium_small_metro,0.11,0.44,5.27,93.38,0.81,120293
42087,northeast,nonmetro,0.08,0.3,0.51,98.74,0.36,46486
42089,northeast,nonmetro,0.26,1.23,6.55,90.81,1.16,138687
42091,northeast,large_fringe,0.12,4.13,7.59,87.29,0.86,750097
42093,northeast,nonmetro,0.07,1.31,1.03,97.14,0.46,18236
42095,northeast,medium_small_metro,0.18,1.48,3.09,94.48,0.78,267066
42097,northeast,nonmetro,0.1,0.25,1.61,97.57,0.47,94556
42099,northeast,medium_small_metro,0.12,0.17,0.46,98.8,0.45,43602
42101,northeast,large_central,0.3,4.72,44.31,49.56,1.11,1517550
42103,northeast,large_fringe,0.26,0.65,3.46,94.72,0.91,46302
42105,northeast,nonmetro,0.22,0.54,0.31,98.32,0.61,18080
42107,northeast,nonmetro,0.08,0.44,2.12,97.02,0.34,150336
42109,northeast,nonmetro,0.05,0.44,0.85,98.27,0.38,37546
42111,northeast,nonmetro,0.08,0.22,1.64,97.79,0.27,80023
42113,northeast,nonmetro,0.76,0.18,2.32,96.1,0.64,6556
42115,northeast,nonmetro,0.16,0.24,0.33,98.8,0.47,42238
42117,northeast,nonmetro,0.23,0.32,0.61,98.31,0.52,41373
42119,northeast,nonmetro,0.17,1.16,7.03,90.76,0.88,41624
42121,northeast,nonmetro,0.18,0.26,1.12,97.85,0.59,57565
42123,northeast,nonmetro,0.19,0.32,0.21,98.86,0.42,43863
42125,northeast,large_fringe,0.09,0.39,3.3,95.49,0.72,202897
42127,northeast,nonmetro,0.14,0.39,1.67,97.32,0.49,47722
42129,northeast,large_fringe,0.09,0.54,2.04,96.75,0.57,369993
42131,northeast,medium_small_metro,0.17,0.28,0.54,98.51,0.5,28080
42133,northeast,medium_small_metro,0.19,0.93,3.92,94.14,0.82,381751
44001,northeast,large_fringe,0.18,1.05,0.76,97.31,0.71,50648
44003,northeast,large_fringe,0.25,1.41,1.02,96.43,0.89,167090
44005,northeast,large_fringe,0.45,1.37,4.03,92.63,1.52,85433
44007,northeast,large_central,0.62,3.33,8.55,86.06,1.44,621602
44009,northeast,large_fringe,0.95,1.58,1.01,95.38,1.08,123546
45001,south,nonmetro,0.1,0.26,30.42,68.69,0.53,26167
45003,south,medium_small_metro,0.41,0.69,25.69,72.31,0.9,142552
45005,south,nonmetro,0.12,0.23,71.09,28.2,0.36,11211
45007,south,medium_small_metro,0.23,0.46,16.65,82.01,0.65,165740
45009,south,nonmetro,0.16,0.2,62.58,36.62,0.44,16658
45011,south,nonmetro,0.35,0.43,42.64,55.95,0.63,23478
45013,south,nonmetro,0.28,0.92,24.26,73.65,0.89,120937
45015,south,medium_small_metro,0.54,2.06,26.81,69.28,1.3,142651
45017,south,medium_small_metro,0.19,0.16,48.71,50.44,0.49,15185
45019,south,medium_small_metro,0.28,1.24,34.64,63.01,0.83,309969
45021,south,nonmetro,0.2,0.41,20.62,78.11,0.67,52537
45023,south,nonmetro,0.33,0.29,38.68,60.2,0.5,34068
45025,south,nonmetro,0.34,0.34,33.3,65.42,0.6,42768
45027,south,nonmetro,0.24,0.3,53.22,45.79,0.45,32502
45029,south,nonmetro,0.64,0.33,42.29,56.13,0.61,38264
45031,south,medium_small_metro,0.19,0.24,41.77,57.39,0.41,67394
45033,south,nonmetro,2.22,0.38,45.44,51.36,0.61,30722
45035,south,medium_small_metro,0.74,1.26,25.21,71.69,1.11,96413
45037,south,medium_small_metro,0.36,0.28,41.61,57.22,0.53,24595
45039,south,medium_small_metro,0.15,0.2,59.2,40.01,0.45,23454
45041,south,medium_small_metro,0.23,0.74,39.4,59.1,0.53,125761
45043,south,nonmetro,0.15,0.3,38.65,60.51,0.4,55797
45045,south,medium_small_metro,0.21,1.46,18.4,79.17,0.75,379616
45047,south,nonmetro,0.21,0.79,31.81,66.67,0.52,66271
45049,south,nonmetro,0.23,0.2,55.73,43.49,0.36,21386
45051,south,medium_small_metro,0.41,0.88,15.58,82.33,0.79,196629
45053,south,nonmetro,0.41,0.5,52.91,45.81,0.37,20678
45055,south,medium_small_metro,0.3,0.37,26.39,72.3,0.64,52647
45057,south,nonmetro,0.22,0.3,26.94,71.93,0.61,61351
45059,south,medium_small_metro,0.34,0.25,26.32,72.54,0.54,69567
45061,south,nonmetro,0.13,0.23,63.65,35.59,0.4,20119
45063,south,medium_small_metro,0.35,1.11,12.7,85.09,0.74,216014
45065,south,nonmetro,0.07,0.32,53.96,45.1,0.55,9958
45067,south,nonmetro,0.27,0.3,56.45,42.56,0.41,35466
45069,south,nonmetro,3.38,0.26,50.77,44.77,0.82,28818
45071,south,nonmetro,0.3,0.44,33.24,65.5,0.52,36108
45073,south,nonmetro,0.24,0.4,8.42,90.31,0.63,66215
45075,south,nonmetro,0.47,0.47,60.98,37.51,0.57,91582
45077,south,medium_small_metro,0.17,1.22,6.85,91.08,0.68,110757
45079,south,medium_small_metro,0.26,1.87,45.48,51.45,0.95,320677
45081,south,medium_small_metro,0.23,0.09,30.17,69.14,0.38,19181
45083,south,medium_small_metro,0.27,1.56,20.87,76.64,0.66,253791
45085,south,medium_small_metro,0.27,1.02,46.88,50.94,0.89,104646
45087,south,nonmetro,0.15,0.23,31.09,67.98,0.54,29881
45089,south,nonmetro,0.16,0.23,66.35,32.87,0.38,37217
45091,south,large_fringe,0.87,0.94,19.23,78.25,0.71,164614
46003,midwest,nonmetro,1.96,0.1,0.29,97.29,0.36,3058
46005,midwest,nonmetro,0.95,0.34,0.7,97.26,0.75,17023
46007,midwest,nonmetro,52.1,0.2,0.28,41.24,6.18,3574
46009,midwest,nonmetro,3.04,0.08,0.66,95.74,0.47,7260
46011,midwest,nonmetro,0.9,1.4,0.31,96.78,0.61,28220
46013,midwest,nonmetro,2.74,0.5,0.28,95.7,0.78,35460
46015,midwest,nonmetro,8.33,0.5,0.26,89.91,0.99,5364
46017,midwest,nonmetro,81.89,0.0,0.1,16.34,1.67,2032
46019,midwest,nonmetro,1.65,0.24,0.1,96.79,1.22,9094
46021,midwest,nonmetro,0.34,0.06,0.0,99.33,0.28,1782
46023,midwest,nonmetro,28.35,0.11,0.13,70.21,1.2,9350
46025,midwest,nonmetro,0.6,0.12,0.07,98.89,0.31,4143
46027,midwest,nonmetro,2.66,1.99,1.05,93.13,1.17,13537
46029,midwest,nonmetro,1.42,0.31,0.15,97.35,0.77,25897
46031,midwest,nonmetro,60.85,0.05,0.12,37.48,1.51,4181
46033,midwest,nonmetro,3.13,0.23,0.27,94.67,1.69,7275
46035,midwest,nonmetro,1.99,0.47,0.27,96.6,0.67,18741
46037,midwest,nonmetro,7.4,0.13,0.13,91.5,0.85,6267
46039,midwest,nonmetro,0.29,0.2,0.16,98.69,0.67,4498
46041,midwest,nonmetro,74.2,0.17,0.03,24.35,1.26,5972
46043,midwest,nonmetro,0.98,0.14,0.06,98.24,0.58,3458
46045,midwest,nonmetro,0.25,0.11,0.09,99.31,0.23,4367
46047,midwest,nonmetro,6.06,0.32,0.32,91.02,2.27,7453
46049,midwest,nonmetro,0.15,0.04,0.08,99.51,0.23,2640
46051,midwest,nonmetro,0.43,0.23,0.01,99.06,0.27,7847
46053,midwest,nonmetro,5.59,0.23,0.04,93.36,0.77,4792
46055,midwest,nonmetro,2.5,0.09,0.0,96.45,0.96,2196
46057,midwest,nonmetro,0.58,0.18,0.13,98.63,0.49,5540
46059,midwest,nonmetro,0.13,0.08,0.03,99.44,0.32,3741
46061,midwest,nonmetro,0.1,0.16,0.0,99.55,0.19,3139
46063,midwest,nonmetro,0.74,0.59,0.3,98.0,0.37,1353
46065,midwest,nonmetro,8.72,0.42,0.19,89.33,1.33,16481
46067,midwest,nonmetro,0.58,0.1,0.09,98.92,0.31,8075
46069,midwest,nonmetro,8.02,0.12,0.12,91.14,0.6,1671
46071,midwest,nonmetro,47.88,0.07,0.03,50.2,1.81,2930
46073,midwest,nonmetro,0.57,0.13,0.0,99.0,0.31,2295
46075,midwest,nonmetro,2.43,0.08,0.0,95.98,1.51,1193
46077,midwest,nonmetro,0.4,0.4,0.05,98.76,0.4,5815
46079,midwest,nonmetro,0.66,0.57,0.24,98.2,0.34,11276
46081,midwest,nonmetro,2.21,0.39,0.24,96.23,0.93,21802
46083,midwest,medium_small_metro,0.54,0.48,0.36,97.9,0.72,24131
46085,midwest,nonmetro,33.27,0.28,0.08,64.88,1.49,3895
46087,midwest,medium_small_metro,0.36,0.22,0.05,99.04,0.33,5832
46089,midwest,nonmetro,0.28,0.14,0.0,99.41,0.17,2904
46091,midwest,nonmetro,6.32,0.09,0.09,92.83,0.68,4576
46093,midwest,medium_small_metro,2.05,0.77,1.56,93.45,2.17,24253
46095,midwest,nonmetro,52.42,0.1,0.0,45.03,2.45,2083
46097,midwest,nonmetro,0.31,0.1,0.52,98.86,0.21,2884
46099,midwest,medium_small_metro,1.88,1.09,1.65,94.32,1.06,148281
46101,midwest,nonmetro,12.05,0.56,0.3,85.06,2.02,6595
46103,midwest,medium_small_metro,8.15,0.97,0.88,87.62,2.39,88565
46105,midwest,nonmetro,1.64,0.24,0.15,97.29,0.68,3363
46107,midwest,nonmetro,0.82,0.22,0.0,98.25,0.71,2693
46109,midwest,nonmetro,29.87,0.24,0.1,68.34,1.45,10016
46111,midwest,nonmetro,0.3,0.45,0.04,98.99,0.22,2675
46113,midwest,nonmetro,94.35,0.08,0.08,4.69,0.79,12466
46115,midwest,nonmetro,1.49,0.11,0.21,97.73,0.46,7454
46117,midwest,nonmetro,4.91,0.29,0.18,93.18,1.44,2772
46119,midwest,nonmetro,0.77,0.13,0.0,98.2,0.9,1556
46121,midwest,nonmetro,85.73,0.17,0.09,12.8,1.22,9050
46123,midwest,nonmetro,11.21,0.06,0.03,87.56,1.14,6430
46125,midwest,medium_small_metro,0.27,0.17,0.15,98.98,0.43,8849
46127,midwest,medium_small_metro,0.41,1.36,0.33,97.27,0.64,12584
46129,midwest,nonmetro,11.82,0.18,0.03,86.64,1.32,5974
46135,midwest,nonmetro,1.69,0.44,1.19,95.91,0.77,21652
46137,midwest,nonmetro,72.33,0.08,0.0,26.72,0.87,2519
47001,south,medium_small_metro,0.33,0.87,3.89,93.81,1.1,71330
47003,south,nonmetro,0.32,0.55,8.57,89.81,0.74,37586
47005,south,nonmetro,0.33,0.27,2.1,96.76,0.53,16537
47007,south,nonmetro,0.38,0.15,3.7,94.79,0.98,12367
47009,south,medium_small_metro,0.31,0.76,2.92,95.16,0.84,105823
47011,south,medium_small_metro,0.3,0.62,4.05,94.03,1.0,87965
47013,south,nonmetro,0.32,0.2,0.31,98.35,0.82,39854
47015,south,large_fringe,0.35,0.14,1.47,97.36,0.68,12826
47017,south,nonmetro,0.25,0.19,10.39,88.24,0.93,29475
47019,south,medium_small_metro,0.2,0.27,1.0,97.84,0.69,56742
47021,south,large_fringe,0.38,0.24,1.5,97.29,0.59,35912
47023,south,medium_small_metro,0.24,0.26,10.08,88.6,0.82,15540
47025,south,nonmetro,0.24,0.29,0.77,98.03,0.67,29862
47027,south,nonmetro,0.54,0.26,1.45,97.02,0.73,7976
47029,south,nonmetro,0.42,0.19,2.0,96.49,0.89,33565
47031,south,nonmetro,0.31,0.78,3.61,94.44,0.86,48014
47033,south,nonmetro,0.25,0.06,14.38,84.79,0.52,14532
47035,south,nonmetro,0.27,0.27,0.13,98.68,0.64,46802
47037,south,large_central,0.32,2.52,26.21,69.78,1.17,569891
47039,south,nonmetro,0.23,0.22,3.5,95.35,0.7,11731
47041,south,nonmetro,0.29,0.17,1.45,97.39,0.7,17423
47043,south,large_fringe,0.43,0.29,4.6,93.78,0.91,43156
47045,south,nonmetro,0.22,0.36,12.91,85.86,0.65,37279
47047,south,large_fringe,0.22,0.23,35.97,62.91,0.68,28806
47049,south,nonmetro,0.15,0.1,0.11,99.28,0.36,16625
47051,south,nonmetro,0.2,0.46,5.55,92.92,0.86,39270
47053,south,nonmetro,0.2,0.17,19.75,79.27,0.61,48152
47055,south,nonmetro,0.3,0.37,11.87,86.69,0.78,29447
47057,south,medium_small_metro,0.15,0.11,0.32,98.88,0.53,20659
47059,south,nonmetro,0.18,0.3,2.14,96.89,0.49,62909
47061,south,nonmetro,0.3,0.17,0.14,98.73,0.66,14332
47063,south,medium_small_metro,0.3,0.65,4.21,94.07,0.77,58128
47065,south,medium_small_metro,0.3,1.38,20.23,77.22,0.87,307896
47067,south,nonmetro,0.25,0.09,0.49,98.41,0.77,6786
47069,south,nonmetro,0.27,0.35,41.05,57.65,0.68,28105
47071,south,nonmetro,0.2,0.19,3.74,95.26,0.62,25578
47073,south,medium_small_metro,0.17,0.25,1.57,97.49,0.52,53563
47075,south,nonmetro,0.12,0.14,51.15,48.25,0.33,19797
47077,south,nonmetro,0.13,0.15,8.05,90.82,0.85,25522
47079,south,nonmetro,0.2,0.31,8.99,89.68,0.82,31115
47081,south,large_fringe,0.52,0.11,4.56,94.0,0.82,22295
47083,south,nonmetro,0.19,0.19,3.31,95.4,0.91,8088
47085,south,nonmetro,0.27,0.29,2.99,95.79,0.66,17929
47087,south,nonmetro,0.34,0.11,0.15,98.8,0.61,10984
47089,south,medium_small_metro,0.31,0.33,2.35,96.33,0.69,44294
47091,south,nonmetro,0.35,0.17,2.42,96.69,0.38,17499
47093,south,medium_small_metro,0.28,1.35,8.7,88.74,0.93,382032
47095,south,nonmetro,0.39,0.21,31.37,67.21,0.82,7954
47097,south,nonmetro,0.63,0.19,34.14,64.4,0.64,27101
47099,south,nonmetro,0.33,0.27,1.49,97.26,0.65,39926
47101,south,nonmetro,0.2,0.18,1.57,97.42,0.62,11367
47103,south,nonmetro,0.5,0.35,7.38,90.66,1.1,31340
47105,south,medium_small_metro,0.33,0.25,1.16,97.43,0.84,39086
47107,south,nonmetro,0.29,0.73,4.54,93.54,0.9,49015
47109,south,nonmetro,0.2,0.17,6.24,92.55,0.83,24653
47111,south,large_fringe,0.43,0.3,0.23,98.66,0.38,20386
47113,south,medium_small_metro,0.16,0.68,32.55,65.93,0.68,91837
47115,south,medium_small_metro,0.27,0.23,4.15,94.69,0.66,27776
47117,south,nonmetro,0.25,0.33,7.8,90.97,0.65,26767
47119,south,nonmetro,0.37,0.38,14.33,84.02,0.9,69498
47121,south,nonmetro,0.23,0.18,1.24,97.84,0.51,11086
47123,south,nonmetro,0.37,0.41,2.28,95.88,1.06,38961
47125,south,medium_small_metro,0.55,2.2,19.59,75.45,2.21,134768
47127,south,nonmetro,0.19,0.14,2.77,96.32,0.57,5740
47129,south,nonmetro,0.2,0.14,2.23,96.95,0.48,19757
47131,south,nonmetro,0.14,0.24,9.92,89.1,0.6,32450
47133,south,nonmetro,0.28,0.15,0.28,98.83,0.46,20118
47135,south,nonmetro,0.34,0.24,1.72,96.84,0.86,7631
47137,south,nonmetro,0.16,0.04,0.1,99.29,0.4,4945
47139,south,medium_small_metro,0.27,0.14,0.14,98.47,0.98,16050
47141,south,nonmetro,0.21,1.06,1.75,96.24,0.74,62315
47143,south,nonmetro,0.4,0.34,2.05,96.3,0.92,28400
47145,south,nonmetro,0.22,0.45,2.72,95.47,1.14,51910
47147,south,large_fringe,0.3,0.36,8.7,89.97,0.67,54433
47149,south,large_fringe,0.3,2.04,9.59,87.21,0.87,182023
47151,south,nonmetro,0.25,0.12,0.09,98.74,0.8,21127
47153,south,medium_small_metro,0.33,0.16,0.19,98.87,0.44,11370
47155,south,nonmetro,0.33,0.58,0.56,97.79,0.73,71170
47157,south,large_central,0.21,1.72,48.71,48.65,0.7,897472
47159,south,large_fringe,0.39,0.18,2.54,96.11,0.78,17712
47161,south,medium_small_metro,0.61,1.54,1.31,95.64,0.91,12370
47163,south,medium_small_metro,0.22,0.45,1.91,96.83,0.59,153048
47165,south,large_fringe,0.29,0.72,5.85,92.38,0.75,130449
47167,south,large_fringe,0.38,0.45,19.97,78.28,0.91,51271
47169,south,large_fringe,0.23,0.14,11.35,87.68,0.59,7259
47171,south,medium_small_metro,0.28,0.11,0.1,98.96,0.55,17667
47173,south,medium_small_metro,0.23,0.18,0.1,98.67,0.82,17808
47175,south,nonmetro,0.18,0.07,0.13,99.2,0.42,5508
47177,south,nonmetro,0.22,0.49,3.21,95.43,0.65,38276
47179,south,medium_small_metro,0.24,0.77,3.88,94.29,0.81,107198
47181,south,nonmetro,0.2,0.27,6.82,92.16,0.56,16842
47183,south,nonmetro,0.15,1.34,6.98,90.88,0.64,34895
47185,south,nonmetro,0.23,0.29,1.66,97.16,0.66,23102
47187,south,large_fringe,0.2,1.3,5.23,92.7,0.57,126638
47189,south,large_fringe,0.33,0.55,6.3,92.08,0.74,88809
48001,south,nonmetro,0.65,0.51,23.75,74.44,0.66,55109
48003,south,nonmetro,0.97,0.82,1.79,95.77,0.65,13004
48005,south,nonmetro,0.35,0.74,14.87,83.34,0.71,80130
48007,south,medium_small_metro,0.65,2.91,1.53,93.73,1.18,22497
48009,south,medium_small_metro,0.68,0.16,0.08,98.11,0.97,8854
48011,south,medium_small_metro,0.74,0.0,0.28,98.51,0.47,2148
48013,south,large_fringe,0.98,0.48,0.77,97.2,0.56,38628
48015,south,large_fringe,0.31,0.34,10.85,87.8,0.71,23590
48017,south,nonmetro,0.86,0.26,1.58,96.5,0.8,6594
48019,south,large_fringe,0.96,0.36,0.39,97.27,1.02,17645
48021,south,large_fringe,0.88,0.61,9.01,88.41,1.09,57733
48023,south,nonmetro,0.68,0.64,3.35,94.8,0.54,4093
48025,south,nonmetro,0.56,0.77,10.14,88.07,0.47,32359
48027,south,medium_small_metro,0.8,3.3,21.3,72.21,2.39,237974
48029,south,large_central,0.98,1.93,7.51,88.44,1.14,1392931
48031,south,nonmetro,0.62,0.2,0.78,97.26,1.14,8418
48033,south,nonmetro,0.27,0.0,0.14,98.35,1.23,729
48035,south,nonmetro,0.58,0.19,1.99,96.36,0.88,17204
48037,south,medium_small_metro,0.61,0.51,23.5,74.42,0.97,89306
48039,south,large_fringe,0.6,2.15,8.64,87.69,0.92,241767
48041,south,medium_small_metro,0.42,4.24,10.88,83.6,0.86,152415
48043,south,nonmetro,0.9,0.56,1.47,95.83,1.24,8866
48045,south,nonmetro,0.45,0.06,2.51,96.09,0.89,1790
48047,south,nonmetro,0.6,0.19,0.35,98.77,0.09,7976
48049,south,nonmetro,0.62,0.45,4.05,94.09,0.79,37674
48051,south,medium_small_metro,0.53,0.21,15.16,83.3,0.8,16470
48053,south,nonmetro,0.7,0.37,1.59,96.45,0.89,34147
48055,south,large_fringe,0.74,0.52,8.76,89.05,0.94,32194
48057,south,medium_small_metro,0.57,3.56,2.76,92.53,0.58,20647
48059,south,medium_small_metro,0.67,0.49,0.23,97.81,0.81,12905
48061,south,medium_small_metro,0.58,0.62,0.61,97.91,0.29,335227
48063,south,nonmetro,0.39,0.33,19.38,79.16,0.74,11549
48065,south,medium_small_metro,1.06,0.15,0.69,97.31,0.78,6516
48067,south,nonmetro,0.47,0.18,19.5,79.01,0.84,30438
48069,south,nonmetro,1.61,0.1,2.37,95.47,0.46,8285
48071,south,large_fringe,0.53,0.74,9.9,88.11,0.71,26031
48073,south,nonmetro,0.54,0.53,16.02,82.13,0.78,46659
48075,south,nonmetro,0.4,0.47,14.31,83.98,0.85,7688
48077,south,medium_small_metro,1.1,0.11,0.42,97.32,1.05,11006
48079,south,nonmetro,0.94,0.32,4.99,93.49,0.27,3730
48081,south,nonmetro,0.85,0.21,1.94,96.4,0.6,3864
48083,south,nonmetro,0.65,0.42,2.21,95.9,0.82,9235
48085,south,large_fringe,0.51,7.12,4.91,86.24,1.22,491675
48087,south,nonmetro,1.68,0.19,5.36,91.48,1.28,3206
48089,south,nonmetro,0.47,0.35,15.01,83.6,0.56,20390
48091,south,large_fringe,0.62,0.54,1.03,97.01,0.79,78021
48093,south,nonmetro,0.73,0.16,0.56,97.8,0.75,14026
48095,south,nonmetro,0.58,0.2,1.03,97.76,0.43,3966
48097,south,nonmetro,1.05,0.4,3.15,94.46,0.95,36363
48099,south,medium_small_metro,0.96,2.44,22.46,71.84,2.29,74978
48101,south,nonmetro,0.0001,0.0,10.03,88.97,1.0,1904
48103,south,nonmetro,1.28,0.35,3.28,94.87,0.23,3996
48105,south,nonmetro,0.95,0.41,0.71,97.44,0.49,4099
48107,south,medium_small_metro,0.86,0.17,4.16,94.36,0.45,7072
48109,south,nonmetro,0.47,0.74,0.84,97.61,0.34,2975
48111,south,nonmetro,1.09,0.26,1.7,96.11,0.84,6222
48113,south,large_central,0.66,4.25,20.63,73.47,0.98,2218899
48115,south,nonmetro,0.35,0.31,8.76,90.11,0.47,14985
48117,south,nonmetro,1.04,0.58,1.66,96.39,0.33,18561
48119,south,large_fringe,0.88,0.15,8.35,89.28,1.33,5327
48121,south,large_fringe,0.64,4.23,5.99,87.9,1.24,432976
48123,south,nonmetro,0.62,0.33,11.3,87.26,0.48,20013
48125,south,nonmetro,0.4,0.65,8.69,89.61,0.65,2762
48127,south,nonmetro,0.73,0.79,1.05,97.09,0.33,10248
48129,south,nonmetro,0.89,0.1,4.0,94.33,0.68,3828
48131,south,nonmetro,0.66,0.17,0.59,98.32,0.26,13120
48133,south,nonmetro,0.51,0.23,2.2,96.43,0.63,18297
48135,south,medium_small_metro,1.01,0.78,4.76,92.66,0.79,121123
48137,south,nonmetro,0.79,0.65,1.99,96.02,0.56,2162
48139,south,large_fringe,0.7,0.42,8.75,89.33,0.8,111360
48141,south,medium_small_metro,0.98,1.25,3.33,93.68,0.76,679622
48143,south,nonmetro,0.73,0.67,0.87,97.0,0.73,33001
48145,south,nonmetro,0.59,0.2,27.71,71.01,0.48,18576
48147,south,nonmetro,1.0,0.33,8.06,89.53,1.08,31242
48149,south,nonmetro,0.44,0.29,7.14,91.75,0.38,21804
48151,south,nonmetro,0.39,0.14,3.11,95.76,0.6,4344
48153,south,nonmetro,0.94,0.37,3.46,94.79,0.44,7771
48155,south,nonmetro,0.99,0.18,3.27,94.64,0.92,1622
48157,south,large_fringe,0.36,11.58,20.19,66.84,1.03,354452
48159,south,nonmetro,0.77,0.21,3.98,94.48,0.56,9458
48161,south,nonmetro,0.39,0.31,19.01,79.74,0.55,17867
48163,south,nonmetro,0.73,0.6,5.06,93.34,0.27,16252
48165,south,nonmetro,1.04,0.22,2.42,95.68,0.64,14467
48167,south,large_fringe,0.53,2.29,15.64,80.64,0.9,250158
48169,south,nonmetro,0.47,0.18,4.97,93.23,1.15,4872
48171,south,nonmetro,0.46,0.21,0.26,98.57,0.5,20814
48173,south,nonmetro,0.14,0.21,0.5,98.93,0.21,1406
48175,south,medium_small_metro,0.68,0.23,5.01,93.59,0.49,6928
48177,south,nonmetro,0.66,0.53,8.86,89.3,0.65,18628
48179,south,nonmetro,1.01,0.44,6.0,90.86,1.68,22744
48181,south,medium_small_metro,1.37,0.67,5.94,90.49,1.54,110595
48183,south,medium_small_metro,0.58,0.74,19.96,77.8,0.92,111379
48185,south,nonmetro,0.37,0.39,20.11,78.4,0.73,23552
48187,south,large_fringe,0.66,1.09,5.2,92.0,1.05,89023
48189,south,nonmetro,1.16,0.42,6.01,91.8,0.61,36602
48191,south,nonmetro,0.77,0.48,8.3,89.82,0.63,3782
48193,south,nonmetro,0.47,0.27,0.15,98.47,0.64,8229
48195,south,nonmetro,0.86,0.3,0.17,98.08,0.6,5369
48197,south,nonmetro,0.85,0.3,4.89,93.18,0.78,4724
48199,south,medium_small_metro,0.34,0.25,6.93,91.85,0.64,48073
48201,south,large_central,0.56,5.46,18.84,74.23,0.92,3400578
48203,south,nonmetro,0.39,0.42,24.12,74.35,0.72,62110
48205,south,nonmetro,0.49,0.38,8.16,90.45,0.52,5537
48207,south,nonmetro,0.64,0.2,3.05,95.32,0.79,6093
48209,south,large_fringe,0.8,1.01,3.88,93.29,1.02,97589
48211,south,nonmetro,0.78,0.42,1.55,96.66,0.6,3351
48213,south,nonmetro,0.57,0.37,6.65,91.57,0.84,73277
48215,south,medium_small_metro,0.54,0.7,0.59,97.96,0.21,569463
48217,south,nonmetro,0.51,0.3,7.52,90.63,1.05,32321
48219,south,nonmetro,1.03,0.26,3.85,94.2,0.66,22716
48221,south,nonmetro,0.96,0.38,0.36,97.5,0.8,41100
48223,south,nonmetro,0.74,0.34,8.06,90.15,0.7,31960
48225,south,nonmetro,0.29,0.31,28.0,70.9,0.5,23185
48227,south,nonmetro,0.7,0.69,4.31,93.47,0.83,33627
48229,south,nonmetro,1.44,0.21,0.39,97.37,0.6,3344
48231,south,large_fringe,0.79,0.67,9.54,87.91,1.1,76596
48233,south,nonmetro,1.39,0.38,2.53,94.43,1.27,23857
48235,south,medium_small_metro,0.96,0.0,0.4,98.14,0.51,1771
48237,south,nonmetro,0.67,0.37,5.6,92.86,0.5,8763
48239,south,nonmetro,0.39,0.56,7.95,90.54,0.56,14391
48241,south,nonmetro,0.45,0.35,17.85,80.43,0.92,35604
48243,south,nonmetro,0.45,0.14,1.04,97.73,0.63,2207
48245,south,medium_small_metro,0.37,3.01,33.9,61.96,0.76,252051
48247,south,nonmetro,0.8,0.21,0.45,98.28,0.27,5281
48249,south,nonmetro,0.7,0.68,0.67,97.61,0.34,39326
48251,south,large_fringe,0.69,0.76,2.57,95.04,0.94,126811
48253,south,medium_small_metro,0.54,0.51,11.66,86.62,0.66,20785
48255,south,nonmetro,0.82,0.52,11.07,87.12,0.47,15446
48257,south,large_fringe,0.65,0.56,10.59,87.27,0.94,71313
48259,south,large_fringe,0.67,0.32,0.37,97.92,0.71,23743
48261,south,nonmetro,0.72,1.69,0.72,96.86,0.0,414
48263,south,nonmetro,0.35,0.0,0.23,99.3,0.12,859
48265,south,nonmetro,0.63,0.62,1.85,96.02,0.88,43653
48267,south,nonmetro,0.45,0.6,0.25,98.12,0.58,4468
48269,south,nonmetro,1.12,0.0,0.0,98.31,0.56,356
48271,south,nonmetro,0.47,0.12,1.89,96.45,1.07,3379
48273,south,nonmetro,0.76,1.74,3.89,92.77,0.84,31549
48275,south,nonmetro,1.18,0.4,7.08,90.45,0.89,4253
48277,south,nonmetro,1.1,0.45,13.53,83.78,1.14,48499
48279,south,nonmetro,0.76,0.27,4.43,93.94,0.6,14709
48281,south,medium_small_metro,0.76,0.96,3.24,93.76,1.28,17762
48283,south,nonmetro,0.34,0.34,3.55,95.45,0.32,5866
48285,south,nonmetro,0.21,0.18,6.96,92.23,0.43,19210
48287,south,nonmetro,0.56,0.28,12.24,86.26,0.66,15657
48289,south,nonmetro,0.35,0.24,10.47,88.35,0.59,15335
48291,south,large_fringe,0.53,0.39,12.96,85.32,0.8,70154
48293,south,nonmetro,0.5,0.21,19.21,79.24,0.84,22051
48295,south,nonmetro,1.5,0.07,0.59,97.12,0.72,3057
48297,south,nonmetro,0.44,0.32,2.49,96.2,0.55,12309
48299,south,nonmetro,0.43,0.41,0.32,98.19,0.65,17044
48301,south,nonmetro,0.0001,0.0,0.0,100.0,0.0,67
48303,south,medium_small_metro,0.69,1.45,7.91,89.17,0.77,242628
48305,south,nonmetro,1.11,0.18,2.93,95.11,0.66,6550
48307,south,nonmetro,0.28,0.26,1.66,97.34,0.46,8205
48309,south,medium_small_metro,0.57,1.21,15.42,81.93,0.87,213517
48311,south,nonmetro,0.24,0.94,1.18,97.65,0.0,851
48313,south,nonmetro,0.4,0.44,23.02,75.53,0.6,12940
48315,south,nonmetro,0.88,0.24,23.99,73.55,1.34,10941
48317,south,nonmetro,0.99,0.17,1.66,96.4,0.78,4746
48319,south,nonmetro,0.72,0.08,0.13,98.39,0.67,3738
48321,south,nonmetro,0.8,2.54,12.94,82.88,0.85,37957
48323,south,nonmetro,1.48,0.65,0.41,97.22,0.24,47297
48325,south,large_fringe,0.78,0.58,2.34,95.55,0.75,39304
48327,south,nonmetro,0.64,0.81,0.93,97.29,0.34,2360
48329,south,medium_small_metro,0.71,1.06,7.14,90.39,0.7,116009
48331,south,nonmetro,0.58,0.28,11.18,87.31,0.65,24238
48333,south,nonmetro,0.27,0.17,1.26,97.75,0.54,5151
48335,south,nonmetro,0.65,0.42,12.86,85.64,0.43,9698
48337,south,nonmetro,0.75,0.3,0.18,97.92,0.85,19117
48339,south,large_fringe,0.51,1.23,3.57,93.85,0.84,293768
48341,south,nonmetro,0.83,1.07,0.77,96.52,0.81,20121
48343,south,nonmetro,0.53,0.29,24.22,74.03,0.93,13048
48345,south,nonmetro,0.63,0.28,3.79,94.39,0.91,1426
48347,south,nonmetro,0.46,0.84,16.82,81.14,0.75,59203
48349,south,nonmetro,0.53,0.91,17.02,80.82,0.72,45124
48351,south,nonmetro,0.64,0.31,20.71,77.57,0.78,15072
48353,south,nonmetro,0.61,0.37,4.82,93.53,0.66,15802
48355,south,medium_small_metro,0.77,1.4,4.5,92.48,0.85,313645
48357,south,nonmetro,1.04,0.42,0.22,97.59,0.72,9006
48359,south,nonmetro,1.42,0.46,1.88,95.56,0.69,2185
48361,south,medium_small_metro,0.6,0.82,8.43,89.36,0.78,84966
48363,south,nonmetro,0.69,0.6,2.37,95.32,1.01,27026
48365,south,nonmetro,0.38,0.32,17.74,80.87,0.69,22756
48367,south,large_fringe,0.72,0.4,1.82,96.22,0.84,88495
48369,south,nonmetro,1.1,0.55,1.2,96.68,0.48,10016
48371,south,nonmetro,0.55,0.66,4.54,93.66,0.59,16809
48373,south,nonmetro,1.81,0.43,13.23,83.74,0.8,41133
48375,south,medium_small_metro,0.97,2.66,10.34,84.73,1.3,113546
48377,south,nonmetro,0.3,0.19,0.29,98.84,0.38,7304
48379,south,nonmetro,0.97,0.4,2.97,94.98,0.68,9139
48381,south,medium_small_metro,0.72,1.13,1.58,95.72,0.86,104312
48383,south,nonmetro,0.57,0.39,3.28,95.34,0.42,3326
48385,south,nonmetro,0.72,0.23,0.2,97.87,0.98,3047
48387,south,nonmetro,0.6,0.13,17.86,80.57,0.85,14314
48389,south,nonmetro,0.62,0.47,2.21,96.46,0.24,13137
48391,south,nonmetro,0.64,0.45,6.8,91.65,0.47,7828
48393,south,nonmetro,0.68,0.11,0.34,98.08,0.79,887
48395,south,medium_small_metro,0.45,0.22,24.43,74.09,0.82,16000
48397,south,large_fringe,0.43,1.48,3.28,94.04,0.77,43080
48399,south,nonmetro,0.77,0.43,1.54,96.62,0.64,11495
48401,south,medium_small_metro,0.37,0.26,19.35,79.37,0.65,47372
48403,south,nonmetro,0.41,0.11,9.99,88.75,0.74,10469
48405,south,nonmetro,0.26,0.2,28.03,70.99,0.51,8946
48407,south,large_fringe,0.47,0.38,12.72,85.38,1.05,22246
48409,south,medium_small_metro,0.78,0.89,3.01,94.41,0.91,67138
48411,south,nonmetro,1.16,0.16,2.73,95.65,0.29,6186
48413,south,nonmetro,0.07,0.37,2.08,97.17,0.31,2935
48415,south,nonmetro,0.56,0.24,6.16,92.52,0.52,16361
48417,south,nonmetro,0.48,0.0,0.61,98.46,0.45,3302
48419,south,nonmetro,0.4,0.81,19.55,78.7,0.55,25224
48421,south,nonmetro,0.91,0.41,0.63,97.58,0.47,3186
48423,south,medium_small_metro,0.47,0.81,19.16,78.77,0.79,174706
48425,south,nonmetro,0.81,0.38,0.34,97.65,0.82,6809
48427,south,nonmetro,0.3,0.41,0.21,98.98,0.1,53597
48429,south,nonmetro,0.39,0.33,2.92,95.75,0.61,9674
48431,south,nonmetro,0.36,0.07,0.07,99.35,0.14,1393
48433,south,nonmetro,0.35,0.59,3.07,94.39,1.59,1693
48435,south,nonmetro,0.47,0.32,0.34,98.6,0.27,4077
48437,south,nonmetro,0.81,0.24,5.93,92.19,0.82,8378
48439,south,large_central,0.65,3.97,13.02,81.16,1.2,1446219
48441,south,medium_small_metro,0.67,1.43,7.03,89.51,1.37,126555
48443,south,nonmetro,1.67,0.65,0.0,97.41,0.28,1081
48445,south,nonmetro,0.65,0.33,5.29,93.23,0.5,12761
48447,south,nonmetro,0.43,0.05,0.05,98.86,0.59,1850
48449,south,nonmetro,0.73,0.62,10.86,87.21,0.58,28118
48451,south,medium_small_metro,0.74,1.05,4.4,92.77,1.05,104010
48453,south,large_central,0.69,4.75,9.61,83.69,1.25,812280
48455,south,nonmetro,0.46,0.28,11.95,86.69,0.62,13779
48457,south,nonmetro,0.49,0.23,12.05,86.33,0.91,20871
48459,south,medium_small_metro,0.65,0.27,10.18,88.03,0.86,35291
48461,south,nonmetro,1.23,0.12,1.85,96.12,0.68,3404
48463,south,nonmetro,0.83,0.6,0.44,97.61,0.52,25926
48465,south,nonmetro,0.79,0.71,1.73,96.17,0.6,44856
48467,south,nonmetro,0.67,0.23,2.97,95.36,0.76,48140
48469,south,medium_small_metro,0.64,0.91,6.52,91.29,0.64,84088
48471,south,nonmetro,0.38,0.93,24.06,73.92,0.71,61758
48473,south,large_fringe,0.54,0.5,29.49,68.68,0.8,32663
48475,south,nonmetro,0.75,0.36,4.91,93.32,0.66,10909
48477,south,nonmetro,0.32,1.23,18.81,79.08,0.56,30373
48479,south,medium_small_metro,0.6,0.57,0.47,98.14,0.22,193117
48481,south,nonmetro,0.47,0.5,15.23,83.42,0.4,41188
48483,south,nonmetro,0.85,0.66,2.82,94.97,0.7,5284
48485,south,medium_small_metro,0.96,2.03,10.5,84.89,1.62,131664
48487,south,nonmetro,0.78,0.74,9.06,88.64,0.78,14676
48489,south,nonmetro,0.67,0.27,2.31,96.59,0.16,20082
48491,south,large_fringe,0.52,2.85,5.27,90.21,1.14,249967
48493,south,large_fringe,0.72,0.42,1.28,96.94,0.64,32408
48495,south,nonmetro,0.61,0.29,2.02,96.74,0.33,7173
48497,south,large_fringe,0.81,0.33,1.28,96.57,1.02,48793
48499,south,nonmetro,0.56,0.22,6.18,92.33,0.71,36752
48501,south,nonmetro,0.82,0.19,1.63,97.06,0.3,7322
48503,south,nonmetro,0.75,0.39,1.22,96.75,0.89,17943
48505,south,nonmetro,0.4,0.33,0.48,98.55,0.25,12182
48507,south,nonmetro,0.77,0.28,0.58,98.24,0.14,11600
49001,west,nonmetro,1.05,0.85,0.27,96.6,1.23,6005
49003,west,nonmetro,0.95,1.18,0.17,96.84,0.85,42745
49005,west,medium_small_metro,0.61,2.27,0.44,95.88,0.81,91391
49007,west,nonmetro,1.18,0.42,0.31,97.4,0.69,20422
49009,west,nonmetro,0.76,0.22,1.09,96.85,1.09,921
49011,west,medium_small_metro,0.61,1.93,1.15,94.98,1.33,238994
49013,west,nonmetro,5.5,0.26,0.15,92.14,1.94,14371
49015,west,nonmetro,0.76,0.42,0.24,97.73,0.85,10860
49017,west,nonmetro,1.9,0.46,0.17,96.49,0.97,4735
49019,west,nonmetro,3.94,0.27,0.31,94.5,0.99,8485
49021,west,nonmetro,2.27,1.09,0.39,95.2,1.05,33779
49023,west,medium_small_metro,1.17,0.46,0.15,97.73,0.5,8238
49025,west,nonmetro,1.65,0.31,0.05,96.89,1.09,6046
49027,west,nonmetro,1.43,0.69,0.13,96.99,0.77,12405
49029,west,medium_small_metro,0.18,0.17,0.06,98.64,0.95,7129
49031,west,nonmetro,1.18,0.28,0.14,97.56,0.84,1435
49033,west,nonmetro,0.05,0.46,0.0,99.13,0.36,1961
49035,west,medium_small_metro,0.96,4.0,1.18,92.55,1.32,898387
49037,west,nonmetro,55.83,0.21,0.13,42.73,1.1,14413
49039,west,nonmetro,0.98,0.94,0.35,96.85,0.87,22763
49041,west,nonmetro,2.06,0.35,0.29,96.53,0.76,18842
49043,west,medium_small_metro,0.34,1.07,0.28,97.6,0.71,29736
49045,west,medium_small_metro,1.79,0.85,1.39,94.54,1.43,40735
49047,west,nonmetro,9.43,0.31,0.12,89.04,1.11,25224
49049,west,medium_small_metro,0.64,1.76,0.34,96.07,1.19,368536
49051,west,nonmetro,0.53,0.42,0.25,97.69,1.11,15215
49053,west,medium_small_metro,1.54,0.94,0.22,96.19,1.12,90354
49055,west,nonmetro,0.36,0.28,0.16,98.61,0.6,2509
49057,west,medium_small_metro,0.84,1.53,1.5,94.92,1.21,196533
50001,northeast,nonmetro,0.28,0.8,0.59,97.26,1.08,35974
50003,northeast,nonmetro,0.22,0.65,0.44,98.02,0.67,36994
50005,northeast,nonmetro,0.56,0.39,0.3,97.76,0.98,29702
50007,northeast,medium_small_metro,0.29,2.08,0.95,95.64,1.04,146571
50009,northeast,nonmetro,0.63,0.31,0.25,97.04,1.76,6459
50011,northeast,medium_small_metro,1.51,0.29,0.31,96.39,1.5,45417
50013,northeast,medium_small_metro,0.87,0.28,0.14,97.51,1.2,6901
50015,northeast,nonmetro,0.46,0.41,0.35,97.58,1.21,23233
50017,northeast,nonmetro,0.28,0.39,0.26,98.29,0.78,28226
50019,northeast,nonmetro,0.66,0.32,0.39,97.46,1.18,26277
50021,northeast,nonmetro,0.24,0.43,0.36,98.37,0.6,63400
50023,northeast,nonmetro,0.31,0.6,0.49,97.45,1.15,58039
50025,northeast,nonmetro,0.22,0.85,0.54,97.21,1.17,44216
50027,northeast,nonmetro,0.24,0.67,0.35,97.98,0.77,57418
51001,south,nonmetro,0.34,0.33,31.72,66.94,0.66,38305
51003,south,medium_small_metro,0.2,2.92,9.73,86.15,1.0,79236
51005,south,nonmetro,0.21,0.26,2.47,96.61,0.46,12926
51007,south,large_fringe,0.29,0.18,28.09,70.9,0.54,11400
51009,south,medium_small_metro,0.84,0.38,19.9,78.14,0.74,31894
51011,south,medium_small_metro,0.15,0.19,22.95,76.22,0.49,13705
51013,south,large_central,0.43,9.13,10.02,78.71,1.71,189453
51015,south,nonmetro,0.16,0.32,3.62,95.41,0.5,65615
51017,south,nonmetro,0.22,0.44,6.3,92.37,0.67,5048
51019,south,medium_small_metro,0.2,0.46,6.26,92.44,0.64,60371
51021,south,nonmetro,0.09,0.13,4.19,95.14,0.45,6871
51023,south,medium_small_metro,0.22,0.51,3.53,95.17,0.57,30496
51025,south,nonmetro,0.09,0.23,56.95,42.39,0.35,18419
51027,south,nonmetro,0.06,0.14,2.64,96.88,0.29,26978
51029,south,nonmetro,0.24,0.2,39.21,59.41,0.95,15623
51031,south,medium_small_metro,0.2,0.63,14.75,83.61,0.81,51078
51033,south,large_fringe,0.79,0.41,34.54,63.04,1.22,22121
51035,south,nonmetro,0.14,0.11,0.47,98.88,0.4,29245
51036,south,large_fringe,7.88,0.1,54.98,35.81,1.23,6926
51037,south,nonmetro,0.14,0.18,32.98,66.16,0.54,12472
51041,south,large_fringe,0.35,2.5,18.01,78.16,0.98,259903
51043,south,large_fringe,0.19,0.56,6.76,91.76,0.73,12652
51045,south,medium_small_metro,0.22,0.16,0.2,99.1,0.33,5091
51047,south,nonmetro,0.4,0.71,18.3,79.41,1.18,34262
51049,south,large_fringe,0.22,0.38,37.53,60.97,0.9,9017
51051,south,nonmetro,0.13,0.09,0.36,99.05,0.37,16395
51053,south,large_fringe,0.22,0.39,33.69,64.96,0.74,24533
51057,south,nonmetro,0.61,0.84,39.16,58.22,1.16,9989
51059,south,large_fringe,0.31,13.41,8.97,75.39,1.93,969749
51061,south,large_fringe,0.26,0.64,8.85,89.17,1.09,55139
51063,south,nonmetro,0.09,0.17,2.04,97.1,0.61,13874
51065,south,medium_small_metro,0.2,0.46,18.57,79.69,1.08,20047
51067,south,medium_small_metro,0.19,0.39,9.41,89.41,0.6,47286
51069,south,medium_small_metro,0.17,0.72,2.66,95.62,0.83,59209
51071,south,medium_small_metro,0.14,0.19,1.59,97.64,0.44,16657
51073,south,large_fringe,0.43,0.76,10.35,87.19,1.28,34780
51075,south,large_fringe,0.2,0.49,25.71,72.93,0.68,16863
51077,south,nonmetro,0.12,0.11,6.8,92.44,0.54,17917
51079,south,medium_small_metro,0.21,0.53,6.51,91.72,1.02,15244
51081,south,nonmetro,0.1,0.43,59.94,39.27,0.25,11560
51083,south,nonmetro,0.24,0.27,38.13,60.74,0.62,37355
51085,south,large_fringe,0.34,0.84,9.41,88.73,0.68,86320
51087,south,large_fringe,0.37,3.72,24.95,69.97,1.0,262300
51089,south,nonmetro,0.21,0.45,22.73,75.97,0.64,57930
51091,south,nonmetro,0.2,0.12,0.08,99.33,0.28,2536
51093,south,large_fringe,0.27,0.38,27.22,71.36,0.76,29728
51095,south,large_fringe,0.28,1.55,14.49,82.56,1.12,48102
51097,south,large_fringe,1.42,0.3,35.72,61.43,1.13,6630
51099,south,nonmetro,0.48,1.11,18.82,78.25,1.35,16803
51101,south,large_fringe,1.54,0.46,22.92,74.04,1.05,13146
51103,south,nonmetro,0.14,0.4,28.88,70.12,0.46,11567
51105,south,nonmetro,0.22,0.2,0.44,98.54,0.59,23589
51107,south,large_fringe,0.23,5.58,7.1,85.53,1.56,169599
51109,south,large_fringe,0.43,0.27,21.66,76.8,0.85,25627
51111,south,nonmetro,0.19,0.27,38.76,59.9,0.89,13146
51113,south,nonmetro,0.14,0.54,11.45,87.11,0.77,12520
51115,south,large_fringe,0.25,0.2,11.3,87.68,0.58,9207
51117,south,nonmetro,0.23,0.32,39.18,59.72,0.55,32380
51119,south,nonmetro,0.25,0.12,20.2,78.91,0.52,9932
51121,south,medium_small_metro,0.18,4.16,3.73,90.93,1.0,83629
51125,south,medium_small_metro,0.24,0.3,14.97,83.32,1.17,14445
51127,south,large_fringe,1.31,0.56,16.22,80.94,0.97,13462
51131,south,nonmetro,0.17,0.27,43.35,55.56,0.64,13093
51133,south,nonmetro,0.15,0.21,26.65,72.52,0.47,12259
51135,south,nonmetro,0.14,0.43,40.64,58.21,0.59,15725
51137,south,nonmetro,0.21,0.36,13.87,84.78,0.78,25881
51139,south,nonmetro,0.16,0.26,2.18,96.85,0.54,23177
51141,south,nonmetro,0.22,0.22,6.25,92.77,0.55,19407
51143,south,medium_small_metro,0.15,0.2,23.71,75.45,0.5,61745
51145,south,large_fringe,0.22,0.25,16.97,81.88,0.68,22377
51147,south,nonmetro,0.2,0.65,35.87,62.45,0.82,19720
51149,south,large_fringe,0.45,2.04,33.21,62.92,1.37,33047
51153,south,large_fringe,0.44,4.17,19.35,73.76,2.28,280813
51155,south,medium_small_metro,0.17,0.36,5.59,93.12,0.77,35127
51157,south,nonmetro,0.16,0.21,5.5,93.03,1.1,6983
51159,south,nonmetro,0.09,0.39,33.2,65.71,0.61,8809
51161,south,medium_small_metro,0.13,1.65,3.41,94.16,0.65,85778
51163,south,nonmetro,0.26,0.48,3.0,95.59,0.67,20808
51165,south,medium_small_metro,0.13,0.31,1.4,97.69,0.47,67725
51167,south,nonmetro,0.12,0.05,3.11,96.38,0.34,30308
51169,south,medium_small_metro,0.16,0.09,0.59,98.69,0.46,23403
51171,south,nonmetro,0.18,0.39,1.21,97.48,0.74,35075
51173,south,nonmetro,0.15,0.2,1.88,97.22,0.55,33081
51175,south,nonmetro,0.2,0.19,43.0,56.15,0.46,17482
51177,south,large_fringe,0.32,1.5,12.59,84.03,1.55,90395
51179,south,large_fringe,0.47,1.82,12.37,83.38,1.96,92446
51181,south,large_fringe,0.25,0.16,51.68,47.09,0.82,6829
51183,south,large_fringe,0.13,0.14,62.23,36.9,0.6,12504
51185,south,nonmetro,0.17,0.67,2.33,96.34,0.49,44598
51187,south,large_fringe,0.27,0.48,4.89,93.3,1.07,31584
51191,south,medium_small_metro,0.12,0.3,1.34,97.73,0.52,51103
51193,south,nonmetro,0.34,0.45,31.0,67.35,0.87,16718
51195,south,nonmetro,0.16,0.32,1.79,97.18,0.55,40123
51197,south,nonmetro,0.17,0.4,2.89,96.04,0.5,27599
51199,south,large_fringe,0.36,3.44,13.51,81.04,1.65,56297
51510,south,large_central,0.33,6.12,23.76,68.16,1.62,128283
51515,south,medium_small_metro,0.24,0.67,22.56,75.52,1.02,6299
51520,south,medium_small_metro,0.25,0.41,5.6,92.83,0.92,17367
51530,south,nonmetro,0.3,0.44,4.85,93.68,0.72,6349
51540,south,medium_small_metro,0.12,5.07,22.37,70.76,1.68,45049
51550,south,large_fringe,0.4,1.95,28.75,67.6,1.3,199184
51570,south,large_fringe,0.19,2.82,6.42,89.79,0.78,16897
51580,south,nonmetro,0.35,0.73,13.17,84.42,1.33,6303
51590,south,medium_small_metro,0.17,0.65,44.2,54.41,0.57,48411
51595,south,nonmetro,0.09,0.6,56.22,42.7,0.39,5665
51600,south,large_fringe,0.37,12.48,5.74,79.73,1.68,21498
51610,south,large_fringe,0.24,6.75,3.39,87.83,1.79,10377
51620,south,nonmetro,0.14,0.81,52.4,46.09,0.55,8346
51630,south,large_fringe,0.35,1.62,20.78,75.79,1.46,19279
51640,south,nonmetro,0.48,0.72,6.45,91.71,0.64,6837
51650,south,large_fringe,0.43,2.03,45.15,50.49,1.89,146437
51660,south,medium_small_metro,0.21,3.27,6.29,88.5,1.73,40468
51670,south,large_fringe,0.37,0.97,33.84,63.42,1.4,22354
51678,south,nonmetro,0.26,1.98,10.46,86.53,0.77,6867
51680,south,medium_small_metro,0.27,1.37,29.88,67.3,1.18,65269
51683,south,large_fringe,0.52,3.66,13.54,80.68,1.6,35135
51685,south,large_fringe,0.51,4.35,11.96,81.44,1.74,10290
51690,south,nonmetro,0.1,0.48,42.7,56.08,0.64,15416
51700,south,large_fringe,0.44,2.57,39.71,55.2,2.07,180150
51710,south,large_central,0.47,3.07,44.68,49.92,1.85,234403
51720,south,nonmetro,0.08,1.13,6.17,91.85,0.77,3904
51730,south,large_fringe,0.2,0.76,79.24,18.99,0.81,33740
51735,south,large_fringe,0.26,1.63,0.67,96.64,0.8,11566
51740,south,large_fringe,0.48,0.88,50.9,46.4,1.34,100565
51750,south,medium_small_metro,0.25,1.6,8.27,88.83,1.06,15859
51760,south,large_central,0.25,1.45,57.69,39.61,1.0,197790
51770,south,medium_small_metro,0.21,1.23,27.03,70.26,1.26,94911
51775,south,medium_small_metro,0.14,1.01,5.93,92.26,0.65,24747
51790,south,nonmetro,0.22,0.53,14.08,83.88,1.28,23853
51800,south,large_fringe,0.3,0.83,43.71,54.17,0.98,63677
51810,south,large_central,0.4,5.18,19.32,72.97,2.13,425257
51820,south,nonmetro,0.32,0.63,9.98,87.75,1.33,19520
51830,south,large_fringe,0.29,4.68,13.44,80.45,1.15,11998
51840,south,medium_small_metro,0.32,1.66,10.67,85.76,1.59,23585
53001,west,nonmetro,0.86,0.91,0.38,97.0,0.86,16428
53003,west,medium_small_metro,1.32,0.54,0.21,96.49,1.45,20551
53005,west,medium_small_metro,0.87,2.43,1.01,94.12,1.57,142475
53007,west,medium_small_metro,1.11,0.97,0.29,96.42,1.21,66616
53009,west,nonmetro,5.16,1.34,0.86,90.61,2.03,64525
53011,west,large_fringe,0.88,3.76,1.75,91.35,2.26,345238
53013,west,nonmetro,1.01,0.47,0.22,96.97,1.33,4064
53015,west,medium_small_metro,1.55,1.5,0.56,94.27,2.13,92948
53017,west,medium_small_metro,1.23,0.71,0.39,96.47,1.21,32603
53019,west,nonmetro,18.37,0.41,0.21,78.07,2.93,7260
53021,west,medium_small_metro,0.93,2.05,2.83,93.13,1.06,49347
53023,west,nonmetro,0.38,0.71,0.0,97.91,1.0,2397
53025,west,nonmetro,1.37,1.06,1.07,95.21,1.29,74698
53027,west,nonmetro,4.74,1.43,0.36,91.01,2.46,67194
53029,west,nonmetro,1.01,4.85,2.45,88.83,2.86,71558
53031,west,nonmetro,2.32,1.38,0.43,93.58,2.29,25953
53033,west,large_central,0.96,11.73,5.68,78.75,2.88,1737034
53035,west,medium_small_metro,1.68,5.47,2.97,86.1,3.78,231969
53037,west,nonmetro,1.01,2.42,0.73,94.26,1.59,33362
53039,west,nonmetro,3.61,0.97,0.28,93.08,2.06,19161
53041,west,nonmetro,1.28,0.92,0.41,95.97,1.42,68600
53043,west,nonmetro,1.63,0.35,0.23,96.34,1.45,10184
53045,west,nonmetro,3.81,1.6,1.21,90.97,2.41,49405
53047,west,nonmetro,11.72,0.57,0.3,85.45,1.97,39564
53049,west,nonmetro,2.48,2.27,0.23,92.74,2.29,20984
53051,west,nonmetro,2.91,0.87,0.16,94.48,1.59,11732
53053,west,large_fringe,1.47,6.26,7.18,81.05,4.04,700820
53055,west,nonmetro,0.87,1.03,0.26,96.4,1.45,14077
53057,west,medium_small_metro,1.96,1.78,0.49,94.19,1.58,102979
53059,west,large_fringe,2.22,0.77,0.3,94.87,1.83,9872
53061,west,large_fringe,1.4,6.31,1.74,88.08,2.48,606024
53063,west,medium_small_metro,1.42,2.14,1.64,92.62,2.18,417939
53065,west,nonmetro,5.69,0.68,0.29,91.03,2.3,40066
53067,west,medium_small_metro,1.57,5.2,2.45,87.77,3.01,207355
53069,west,nonmetro,1.6,0.55,0.26,95.24,2.35,3824
53071,west,nonmetro,0.92,1.47,1.75,94.38,1.49,55180
53073,west,medium_small_metro,2.89,3.05,0.75,91.31,2.0,166814
53075,west,nonmetro,0.77,5.99,1.58,89.73,1.92,40740
53077,west,medium_small_metro,4.79,1.29,1.19,91.15,1.59,222581
54001,south,nonmetro,0.72,0.31,0.51,97.56,0.9,15557
54003,south,medium_small_metro,0.25,0.51,4.78,93.39,1.06,75905
54005,south,medium_small_metro,0.13,0.1,0.66,98.65,0.46,25535
54007,south,nonmetro,0.35,0.16,0.69,98.16,0.65,14702
54009,south,medium_small_metro,0.1,0.39,0.85,98.06,0.6,25447
54011,south,medium_small_metro,0.19,0.85,4.33,93.68,0.96,96784
54013,south,nonmetro,0.3,0.12,0.11,99.08,0.4,7582
54015,south,medium_small_metro,0.71,0.02,0.08,98.37,0.82,10330
54017,south,nonmetro,0.31,0.15,0.28,98.45,0.81,7403
54019,south,nonmetro,0.28,0.34,5.61,92.91,0.87,47579
54021,south,nonmetro,0.22,0.59,0.91,97.51,0.77,7160
54023,south,nonmetro,0.26,0.16,0.76,98.44,0.38,11299
54025,south,nonmetro,0.34,0.2,3.07,95.43,0.96,34453
54027,south,medium_small_metro,0.24,0.19,0.84,98.21,0.52,20203
54029,south,medium_small_metro,0.12,0.37,2.32,96.62,0.57,32667
54031,south,nonmetro,0.16,0.16,1.98,97.16,0.54,12669
54033,south,nonmetro,0.16,0.64,1.63,96.87,0.71,68652
54035,south,nonmetro,0.21,0.24,0.08,98.91,0.55,28000
54037,south,large_fringe,0.29,0.67,6.17,91.72,1.14,42190
54039,south,medium_small_metro,0.21,0.89,7.03,90.78,1.09,200073
54041,south,nonmetro,0.2,0.31,0.16,98.69,0.64,16919
54043,south,medium_small_metro,0.17,0.07,0.06,99.13,0.57,22108
54045,south,nonmetro,0.12,0.32,2.61,96.44,0.5,37710
54047,south,nonmetro,0.17,0.07,11.91,87.2,0.66,27329
54049,south,nonmetro,0.2,0.43,3.26,95.32,0.79,56598
54051,south,medium_small_metro,0.11,0.3,0.44,98.59,0.56,35519
54053,south,nonmetro,0.18,0.28,0.5,98.51,0.52,25957
54055,south,nonmetro,0.2,0.48,5.85,92.76,0.71,62980
54057,south,medium_small_metro,0.12,0.21,2.58,96.41,0.68,27078
54059,south,nonmetro,0.24,0.24,2.36,96.5,0.65,28253
54061,south,medium_small_metro,0.2,2.57,3.44,92.72,1.07,81866
54063,south,nonmetro,0.23,0.17,6.0,92.81,0.79,14583
54065,south,medium_small_metro,0.17,0.13,0.6,98.63,0.46,14943
54067,south,nonmetro,0.25,0.22,0.06,98.97,0.49,26562
54069,south,medium_small_metro,0.09,0.83,3.62,94.65,0.81,47427
54071,south,nonmetro,0.27,0.22,2.18,96.62,0.71,8196
54073,south,medium_small_metro,0.47,0.2,0.48,98.42,0.44,7514
54075,south,nonmetro,0.07,0.14,0.78,98.49,0.53,9131
54077,south,medium_small_metro,0.11,0.16,0.29,98.95,0.48,29334
54079,south,medium_small_metro,0.16,0.64,0.57,98.14,0.49,51589
54081,south,nonmetro,0.19,0.76,8.55,89.8,0.71,79220
54083,south,nonmetro,0.16,0.4,1.08,97.93,0.43,28262
54085,south,nonmetro,0.27,0.13,0.14,98.84,0.63,10343
54087,south,nonmetro,0.21,0.24,0.23,98.79,0.54,15446
54089,south,nonmetro,0.25,0.14,2.18,96.72,0.72,12999
54091,south,nonmetro,0.19,0.21,0.84,98.23,0.53,16089
54093,south,nonmetro,0.19,0.14,0.07,99.0,0.6,7321
54095,south,nonmetro,0.05,0.09,0.03,99.4,0.43,9592
54097,south,nonmetro,0.19,0.32,0.63,98.38,0.47,23404
54099,south,medium_small_metro,0.23,0.22,0.13,98.9,0.52,42903
54101,south,nonmetro,0.07,0.08,0.01,99.21,0.63,9719
54103,south,nonmetro,0.1,0.36,0.08,98.99,0.47,17693
54105,south,medium_small_metro,0.26,0.1,0.29,98.86,0.49,5873
54107,south,medium_small_metro,0.21,0.55,1.04,97.5,0.7,87986
54109,south,nonmetro,0.12,0.08,0.66,98.66,0.48,25708
55001,midwest,nonmetro,0.6,0.35,0.27,98.1,0.68,18643
55003,midwest,nonmetro,10.38,0.39,0.23,87.45,1.55,16866
55005,midwest,nonmetro,0.81,0.38,0.19,98.04,0.58,44963
55007,midwest,nonmetro,9.41,0.28,0.13,88.78,1.39,15013
55009,midwest,medium_small_metro,2.33,2.29,1.21,93.18,1.0,226778
55011,midwest,nonmetro,0.3,0.38,0.12,98.82,0.38,13804
55013,midwest,nonmetro,4.47,0.31,0.37,93.54,1.31,15674
55015,midwest,medium_small_metro,0.34,1.62,0.31,97.13,0.6,40631
55017,midwest,medium_small_metro,0.32,0.95,0.18,98.08,0.48,55195
55019,midwest,nonmetro,0.48,0.32,0.13,98.69,0.38,33557
55021,midwest,medium_small_metro,0.36,0.38,0.91,97.76,0.59,52468
55023,midwest,nonmetro,0.23,0.3,1.37,97.56,0.55,17243
55025,midwest,medium_small_metro,0.35,3.58,4.08,90.62,1.37,426526
55027,midwest,nonmetro,0.42,0.39,2.5,96.31,0.39,85897
55029,midwest,nonmetro,0.66,0.3,0.22,98.28,0.54,27961
55031,midwest,medium_small_metro,1.83,0.69,0.58,95.65,1.24,43287
55033,midwest,nonmetro,0.27,2.21,0.35,96.51,0.66,39858
55035,midwest,medium_small_metro,0.55,2.68,0.54,95.36,0.87,93142
55037,midwest,nonmetro,0.43,0.29,0.16,98.33,0.79,5088
55039,midwest,medium_small_metro,0.4,0.93,0.92,97.11,0.63,97296
55041,midwest,nonmetro,11.35,0.21,1.22,86.21,1.01,10024
55043,midwest,nonmetro,0.14,0.48,0.54,98.44,0.4,49597
55045,midwest,nonmetro,0.21,0.31,0.26,98.61,0.61,33647
55047,midwest,nonmetro,0.2,0.44,0.16,98.76,0.43,19105
55049,midwest,medium_small_metro,0.11,0.36,0.17,98.88,0.48,22780
55051,midwest,nonmetro,0.6,0.22,0.09,98.37,0.73,6861
55053,midwest,nonmetro,6.2,0.21,2.27,90.65,0.67,19100
55055,midwest,nonmetro,0.35,0.49,0.3,98.25,0.62,74021
55057,midwest,nonmetro,1.33,0.46,0.34,97.29,0.58,24316
55059,midwest,large_fringe,0.41,1.02,5.22,92.11,1.24,149577
55061,midwest,medium_small_metro,0.27,0.15,0.16,98.98,0.43,20187
55063,midwest,medium_small_metro,0.41,3.28,0.98,94.52,0.8,107120
55065,midwest,nonmetro,0.11,0.26,0.11,99.21,0.32,16137
55067,midwest,nonmetro,0.55,0.3,0.16,98.18,0.81,20740
55069,midwest,nonmetro,0.44,0.43,0.43,98.15,0.55,29641
55071,midwest,nonmetro,0.44,2.09,0.3,96.59,0.58,82887
55073,midwest,medium_small_metro,0.35,4.67,0.28,94.15,0.55,125834
55075,midwest,nonmetro,0.52,0.31,0.23,98.37,0.57,43384
55077,midwest,nonmetro,1.06,0.37,3.58,94.26,0.73,15832
55078,midwest,nonmetro,87.4,0.04,0.09,11.84,0.64,4562
55079,midwest,large_central,0.76,2.75,24.91,70.19,1.38,940164
55081,midwest,nonmetro,0.94,0.53,0.48,97.42,0.63,40899
55083,midwest,medium_small_metro,0.79,0.22,0.15,98.1,0.74,35634
55085,midwest,nonmetro,0.67,0.36,0.33,98.02,0.62,36776
55087,midwest,medium_small_metro,1.56,2.37,0.56,94.8,0.71,160971
55089,midwest,large_fringe,0.22,1.1,0.94,97.15,0.6,82317
55091,midwest,nonmetro,0.19,0.25,0.08,99.03,0.44,7213
55093,midwest,large_fringe,0.29,0.47,0.25,98.39,0.6,36804
55095,midwest,nonmetro,1.08,0.3,0.16,97.91,0.56,41319
55097,midwest,nonmetro,0.39,2.4,0.33,96.28,0.6,67182
55099,midwest,nonmetro,0.61,0.33,0.1,98.43,0.53,15822
55101,midwest,medium_small_metro,0.4,0.8,10.66,87.06,1.08,188831
55103,midwest,nonmetro,0.26,0.25,0.19,98.72,0.57,17924
55105,midwest,medium_small_metro,0.3,0.86,4.7,93.02,1.12,152307
55107,midwest,nonmetro,0.46,0.36,0.53,98.14,0.51,15347
55109,midwest,large_fringe,0.25,0.66,0.3,98.18,0.6,63155
55111,midwest,nonmetro,0.87,0.29,0.26,98.07,0.51,55225
55113,midwest,nonmetro,16.12,0.31,0.31,82.14,1.11,16196
55115,midwest,nonmetro,6.29,0.39,0.23,92.02,1.07,40664
55117,midwest,medium_small_metro,0.37,3.49,1.12,94.37,0.64,112646
55119,midwest,nonmetro,0.19,0.25,0.09,99.0,0.47,19680
55121,midwest,nonmetro,0.17,0.15,0.14,99.18,0.37,27010
55123,midwest,nonmetro,0.15,0.22,0.07,99.16,0.38,28056
55125,midwest,nonmetro,9.1,0.19,0.2,89.92,0.58,21033
55127,midwest,nonmetro,0.26,0.7,0.86,97.56,0.62,93759
55129,midwest,nonmetro,1.02,0.21,0.17,97.49,1.11,16036
55131,midwest,large_fringe,0.26,0.63,0.4,98.21,0.5,117493
55133,midwest,large_fringe,0.23,1.55,0.76,96.8,0.66,360767
55135,midwest,nonmetro,0.42,0.29,0.18,98.58,0.53,51731
55137,midwest,nonmetro,0.32,0.38,0.29,98.34,0.67,23154
55139,midwest,medium_small_metro,0.47,1.93,1.14,95.76,0.71,156763
55141,midwest,nonmetro,0.72,1.65,0.28,96.81,0.55,75555
56001,west,nonmetro,1.02,1.8,1.16,94.55,1.46,32014
56003,west,nonmetro,0.81,0.28,0.12,97.99,0.79,11461
56005,west,nonmetro,0.97,0.43,0.19,97.41,0.99,33698
56007,west,nonmetro,1.35,0.84,0.7,96.22,0.9,15639
56009,west,nonmetro,0.96,0.29,0.15,97.46,1.14,12052
56011,west,nonmetro,1.05,0.08,0.05,98.25,0.56,5887
56013,west,nonmetro,19.77,0.35,0.15,78.29,1.44,35804
56015,west,nonmetro,0.89,0.33,0.22,97.96,0.59,12538
56017,west,nonmetro,1.6,0.25,0.35,96.78,1.02,4882
56019,west,nonmetro,0.68,0.14,0.08,98.04,1.06,7075
56021,west,medium_small_metro,0.92,1.17,2.75,93.48,1.68,81607
56023,west,nonmetro,0.59,0.3,0.11,98.07,0.93,14573
56025,west,medium_small_metro,1.08,0.47,0.8,96.5,1.14,66533
56027,west,nonmetro,0.5,0.12,0.12,98.71,0.54,2407
56029,west,nonmetro,0.48,0.49,0.09,98.15,0.78,25786
56031,west,nonmetro,0.62,0.24,0.16,98.15,0.83,8807
56033,west,nonmetro,1.29,0.52,0.19,97.03,0.97,26560
56035,west,nonmetro,0.52,0.34,0.2,98.16,0.78,5920
56037,west,nonmetro,1.09,0.71,0.77,96.25,1.18,37613
56039,west,nonmetro,0.54,0.68,0.19,97.78,0.81,18251
56041,west,nonmetro,0.94,0.4,0.11,97.62,0.93,19742
56043,west,nonmetro,0.6,0.8,0.12,97.29,1.19,8289
56045,west,nonmetro,1.26,0.23,0.12,97.26,1.13,6644
